阿维塔科技,SUV,4880*1970*1601,200,-,五年或12万公里,4880,1970,1601,2975,1678,1678,2160,SUV,4,5,230,370,纯电动,
阿维塔科技,SUV,4880*1970*1601,200,-,五年或12万公里,4880,1970,1601,2975,1678,1678,2240,SUV,4,5,230,370,纯电动,
阿维塔科技,SUV,4880*1970*1601,200,-,五年或12万公里,4880,1970,1601,2975,1678,1678,2240,SUV,4,4,230,370,纯电动,
阿维塔科技,SUV,4880*1970*1601,200,-,五年或12万公里,4880,1970,1601,2975,1678,1678,2160,SUV,4,5,230,370,纯电动,
阿维塔科技,SUV,4880*1970*1601,200,-,五年或12万公里,4880,1970,1601,2975,1678,1678,2280,SUV,4,5,425,650,纯电动,
阿维塔科技,SUV,4880*1970*1601,200,-,五年或12万公里,4880,1970,1601,2975,1678,1678,2240,SUV,4,5,230,370,纯电动,
阿维塔科技,SUV,4880*1970*1601,200,-,五年或12万公里,4880,1970,1601,2975,1678,1678,2365,SUV,4,5,425,650,纯电动,
阿维塔科技,SUV,4880*1970*1601,200,-,五年或12万公里,4880,1970,1601,2975,1678,1678,2280,SUV,4,5,425,650,纯电动,
阿维塔科技,SUV,4880*1970*1601,200,-,五年或12万公里,4880,1970,1601,2975,1678,1678,2365,SUV,4,4,425,650,纯电动,
阿维塔科技,SUV,4880*1970*1601,200,-,五年或12万公里,4880,1970,1601,2975,1678,1678,2160,SUV,4,5,230,370,纯电动,
阿维塔科技,SUV,4880*1970*1601,200,-,五年或12万公里,4880,1970,1601,2975,1678,1678,2280,SUV,4,5,425,650,纯电动,
阿维塔科技,SUV,4880*1970*1601,200,-,五年或12万公里,4880,1970,1601,2975,1678,1678,2280,SUV,4,5,425,650,纯电动,
阿维塔科技,SUV,4880*1970*1601,200,-,五年或12万公里,4880,1970,1601,2975,1678,1678,2365,SUV,4,5,425,650,纯电动,
阿维塔科技,SUV,4880*1970*1601,200,-,五年或12万公里,4880,1970,1601,2975,1678,1678,2280,SUV,4,4,425,650,纯电动,
阿维塔科技,SUV,4880*1970*1601,200,-,五年或12万公里,4880,1970,1601,2975,1678,1678,2280,SUV,4,4,425,650,纯电动,
阿维塔科技,SUV,4880*1970*1601,200,-,五年或12万公里,4880,1970,1601,2975,1678,1678,2365,SUV,4,4,425,650,纯电动,
阿维塔科技,SUV,4880*1970*1601,200,-,五年或12万公里,4880,1970,1601,2975,1678,1678,2425,SUV,4,4,425,650,纯电动,
上汽通用别克,中大型MPV,5238*1878*1800,195,-,三年或10万公里,5238,1878,1800,3088,1602,1605,1945,MPV,5,7,174,350,汽油+48V轻混系统,
上汽通用别克,中大型MPV,5238*1878*1789,195,-,三年或10万公里,5238,1878,1789,3088,1602,1605,2000,MPV,5,7,174,350,汽油+48V轻混系统,
上汽通用别克,中大型MPV,5219*1878*1799,195,-,三年或10万公里,5219,1878,1799,3088,1612,1626,2050,MPV,5,7,174,350,汽油+48V轻混系统,
上汽通用别克,中大型MPV,5219*1878*1799,195,-,三年或10万公里,5219,1878,1799,3088,1612,1626,2050,MPV,5,7,174,350,汽油+48V轻混系统,
上汽通用别克,中大型MPV,5219*1878*1799,195,-,三年或10万公里,5219,1878,1799,3088,1612,1626,2040,MPV,5,4,174,350,汽油+48V轻混系统,
上汽通用别克,中大型MPV,5219*1878*1799,195,-,三年或10万公里,5219,1878,1799,3088,1612,1626,2050,MPV,5,7,174,350,汽油+48V轻混系统,
上汽通用别克,中大型MPV,5219*1878*1799,195,-,三年或10万公里,5219,1878,1799,3088,1612,1626,2050,MPV,5,6,174,350,汽油+48V轻混系统,
上汽通用别克,中大型MPV,5219*1878*1799,195,-,三年或10万公里,5219,1878,1799,3088,1612,1626,2040,MPV,5,4,174,350,汽油+48V轻混系统,
上汽通用别克,中大型MPV,5238*1878*1776,195,-,三年或10万公里,5238,1878,1776,3088,1602,1605,1880,MPV,5,7,174,350,汽油+48V轻混系统,
上汽通用别克,中大型MPV,5238*1878*1800,195,-,三年或10万公里,5238,1878,1800,3088,1602,1605,1880,MPV,5,7,174,350,汽油+48V轻混系统,
上汽通用别克,中大型MPV,5238*1878*1800,195,-,三年或10万公里,5238,1878,1800,3088,1602,1605,1945,MPV,5,7,174,350,汽油+48V轻混系统,
上汽通用别克,中大型MPV,5238*1878*1800,195,-,三年或10万公里,5238,1878,1800,3088,1602,1605,1945,MPV,5,7,174,350,汽油+48V轻混系统,
上汽通用别克,中大型MPV,5238*1878*1800,195,-,三年或10万公里,5238,1878,1800,3088,1602,1605,1945,MPV,5,7,174,350,汽油+48V轻混系统,
上汽通用别克,中大型MPV,5238*1878*1789,195,-,三年或10万公里,5238,1878,1789,3088,1602,1605,2000,MPV,5,7,174,350,汽油+48V轻混系统,
上汽通用别克,中大型MPV,5219*1878*1805,195,-,三年或10万公里,5219,1878,1805,3088,1612,1626,1970,MPV,5,7,174,350,汽油+48V轻混系统,
上汽通用别克,中大型MPV,5219*1878*1805,195,-,三年或10万公里,5219,1878,1805,3088,1612,1626,1970,MPV,5,7,174,350,汽油+48V轻混系统,
上汽通用别克,中大型MPV,5219*1878*1805,195,-,三年或10万公里,5219,1878,1805,3088,1612,1626,1970,MPV,5,7,174,350,汽油+48V轻混系统,
上汽通用别克,中大型MPV,5219*1878*1799,195,-,三年或10万公里,5219,1878,1799,3088,1612,1626,2050,MPV,5,7,174,350,汽油+48V轻混系统,
上汽通用别克,中大型MPV,5219*1878*1799,195,-,三年或10万公里,5219,1878,1799,3088,1612,1626,2050,MPV,5,7,174,350,汽油+48V轻混系统,
上汽通用别克,中大型MPV,5219*1878*1799,195,-,三年或10万公里,5219,1878,1799,3088,1612,1626,2050,MPV,5,7,174,350,汽油+48V轻混系统,
上汽通用别克,中大型MPV,5219*1878*1799,195,-,三年或10万公里,5219,1878,1799,3088,1612,1626,2050,MPV,5,7,174,350,汽油+48V轻混系统,
上汽通用别克,中大型MPV,5219*1878*1799,195,-,三年或10万公里,5219,1878,1799,3088,1612,1626,2050,MPV,5,7,174,350,汽油+48V轻混系统,
上汽通用别克,中大型MPV,5219*1878*1799,195,-,三年或10万公里,5219,1878,1799,3088,1612,1626,2050,MPV,5,6,174,350,汽油+48V轻混系统,
上汽通用别克,中大型MPV,5238*1878*1800,195,-,三年或10万公里,5238,1878,1800,3088,1602,1605,1945,MPV,5,7,174,350,汽油+48V轻混系统,
上汽通用别克,中大型MPV,5219*1878*1799,195,-,三年或10万公里,5219,1878,1799,3088,1612,1626,2050,MPV,5,7,174,350,汽油+48V轻混系统,
上汽通用别克,中大型MPV,5219*1878*1799,195,-,三年或10万公里,5219,1878,1799,3088,1612,1626,2050,MPV,5,6,174,350,汽油+48V轻混系统,
上汽通用别克,中大型MPV,5219*1878*1799,195,-,三年或10万公里,5219,1878,1799,3088,1612,1626,2040,MPV,5,4,174,350,汽油+48V轻混系统,
上汽通用别克,中大型MPV,5238*1878*1776,195,-,三年或10万公里,5238,1878,1776,3088,1602,1605,1880,MPV,5,7,174,350,汽油+48V轻混系统,
上汽通用别克,中大型MPV,5238*1878*1800,195,-,三年或10万公里,5238,1878,1800,3088,1602,1605,1945,MPV,5,7,174,350,汽油+48V轻混系统,
上汽通用别克,中大型MPV,5238*1878*1800,195,-,三年或10万公里,5238,1878,1800,3088,1602,1605,1945,MPV,5,7,174,350,汽油+48V轻混系统,
上汽通用别克,中大型MPV,5238*1878*1800,195,-,三年或10万公里,5238,1878,1800,3088,1602,1605,1945,MPV,5,7,174,350,汽油+48V轻混系统,
上汽通用别克,中大型MPV,5238*1878*1800,195,-,三年或10万公里,5238,1878,1800,3088,1602,1605,1945,MPV,5,7,174,350,汽油+48V轻混系统,
上汽通用别克,中大型MPV,5238*1878*1789,195,-,三年或10万公里,5238,1878,1789,3088,1602,1605,2000,MPV,5,7,174,350,汽油+48V轻混系统,
上汽通用别克,中大型MPV,5238*1878*1789,195,-,三年或10万公里,5238,1878,1789,3088,1602,1605,2000,MPV,5,7,174,350,汽油+48V轻混系统,
上汽通用别克,中大型MPV,5219*1878*1805,195,-,三年或10万公里,5219,1878,1805,3088,1612,1626,1970,MPV,5,7,174,350,汽油+48V轻混系统,
上汽通用别克,中大型MPV,5219*1878*1805,195,-,三年或10万公里,5219,1878,1805,3088,1612,1626,1970,MPV,5,7,174,350,汽油+48V轻混系统,
上汽通用别克,中大型MPV,5219*1878*1799,195,-,三年或10万公里,5219,1878,1799,3088,1612,1626,2050,MPV,5,7,174,350,汽油+48V轻混系统,
上汽通用别克,中大型MPV,5219*1878*1799,195,-,三年或10万公里,5219,1878,1799,3088,1612,1626,2050,MPV,5,7,174,350,汽油+48V轻混系统,
上汽通用别克,中大型MPV,5219*1878*1799,195,-,三年或10万公里,5219,1878,1799,3088,1612,1626,2050,MPV,5,7,174,350,汽油+48V轻混系统,
上汽通用别克,中大型MPV,5219*1878*1799,195,-,三年或10万公里,5219,1878,1799,3088,1612,1626,2050,MPV,5,7,174,350,汽油+48V轻混系统,
上汽通用别克,中大型MPV,5238*1878*1776,195,-,三年或10万公里,5238,1878,1776,3088,1602,1605,1880,MPV,5,7,174,350,汽油,
上汽通用别克,中大型MPV,5238*1878*1800,195,-,三年或10万公里,5238,1878,1800,3088,1602,1605,1880,MPV,5,7,174,350,汽油,
上汽通用别克,中大型MPV,5238*1878*1800,195,-,三年或10万公里,5238,1878,1800,3088,1602,1605,1880,MPV,5,7,174,350,汽油,
上汽通用别克,中大型MPV,5238*1878*1800,195,-,三年或10万公里,5238,1878,1800,3088,1602,1605,1900,MPV,5,7,174,350,汽油,
上汽通用别克,中大型MPV,5238*1878*1800,195,-,三年或10万公里,5238,1878,1800,3088,1602,1605,1900,MPV,5,7,174,350,汽油,
上汽通用别克,中大型MPV,5238*1878*1789,195,-,三年或10万公里,5238,1878,1789,3088,1602,1605,1980,MPV,5,7,174,350,汽油,
上汽通用别克,中大型MPV,5238*1878*1789,195,-,三年或10万公里,5238,1878,1789,3088,1602,1605,1980,MPV,5,7,174,350,汽油,
上汽通用别克,中大型MPV,5219*1878*1805,195,-,三年或10万公里,5219,1878,1805,3088,1612,1626,1930,MPV,5,7,174,350,汽油,
上汽通用别克,中大型MPV,5219*1878*1805,195,-,三年或10万公里,5219,1878,1805,3088,1612,1626,1930,MPV,5,7,174,350,汽油,
上汽通用别克,中大型MPV,5219*1878*1799,195,-,三年或10万公里,5219,1878,1799,3088,1612,1626,1998,MPV,5,7,174,350,汽油,
上汽通用别克,中大型MPV,5219*1878*1799,195,-,三年或10万公里,5219,1878,1799,3088,1612,1626,1998,MPV,5,7,174,350,汽油,
上汽通用别克,中大型MPV,5219*1878*1799,195,-,三年或10万公里,5219,1878,1799,3088,1612,1626,1998,MPV,5,7,174,350,汽油,
上汽通用别克,中大型MPV,5219*1878*1799,195,-,三年或10万公里,5219,1878,1799,3088,1612,1626,1998,MPV,5,7,174,350,汽油,
上汽通用别克,中大型MPV,5219*1878*1799,195,-,三年或10万公里,5219,1878,1799,3088,1612,1626,1998,MPV,5,7,174,350,汽油,
上汽通用别克,中大型MPV,5219*1878*1799,195,-,三年或10万公里,5219,1878,1799,3088,1612,1626,2000,MPV,5,6,174,350,汽油,
上汽通用别克,中大型MPV,5219*1878*1799,195,-,三年或10万公里,5219,1878,1799,3088,1612,1626,2000,MPV,5,4,174,350,汽油,
上汽通用别克,中大型MPV,5219*1878*1799,195,-,三年或10万公里,5219,1878,1799,3088,1612,1626,1998,MPV,5,7,174,350,汽油,
上汽通用别克,中大型MPV,5219*1878*1799,195,-,三年或10万公里,5219,1878,1799,3088,1612,1626,2000,MPV,5,6,174,350,汽油,
上汽通用别克,中大型MPV,5219*1878*1799,195,-,三年或10万公里,5219,1878,1799,3088,1612,1626,2000,MPV,5,4,174,350,汽油,
上汽通用别克,中大型MPV,5238*1878*1776,195,-,三年或10万公里,5238,1878,1776,3088,1602,1605,1880,MPV,5,7,174,350,汽油,
上汽通用别克,中大型MPV,5238*1878*1800,195,-,三年或10万公里,5238,1878,1800,3088,1602,1605,1880,MPV,5,7,174,350,汽油,
上汽通用别克,中大型MPV,5238*1878*1800,195,-,三年或10万公里,5238,1878,1800,3088,1602,1605,1900,MPV,5,7,174,350,汽油,
上汽通用别克,中大型MPV,5238*1878*1789,195,-,三年或10万公里,5238,1878,1789,3088,1602,1605,1980,MPV,5,7,174,350,汽油,
上汽通用别克,中大型MPV,5238*1878*1789,195,-,三年或10万公里,5238,1878,1789,3088,1602,1605,1980,MPV,5,7,174,350,汽油,
上汽通用别克,中大型MPV,5219*1878*1805,195,-,三年或10万公里,5219,1878,1805,3088,1612,1626,1930,MPV,5,7,174,350,汽油,
上汽通用别克,中大型MPV,5219*1878*1805,195,-,三年或10万公里,5219,1878,1805,3088,1612,1626,1930,MPV,5,7,174,350,汽油,
上汽通用别克,中大型MPV,5219*1878*1799,195,-,三年或10万公里,5219,1878,1799,3088,1612,1626,1998,MPV,5,7,174,350,汽油,
上汽通用别克,中大型MPV,5219*1878*1799,195,-,三年或10万公里,5219,1878,1799,3088,1612,1626,1998,MPV,5,7,174,350,汽油,
上汽通用别克,中大型MPV,5219*1878*1799,195,8.76,三年或10万公里,5219,1878,1799,3088,1612,1626,1998,MPV,5,7,174,350,汽油,
上汽通用别克,MPV,5203*1878*1809,205,-,-,-,-,-,3088,1612,1626,-,MPV,5,7,191,350,汽油,
上汽通用别克,中大型MPV,5203*1878*1811,205,-,三年或10万公里,5203,1878,1811,3088,1612,1626,1878,MPV,5,7,191,350,汽油,
上汽通用别克,中大型MPV,5203*1878*1809,205,-,三年或10万公里,5203,1878,1809,3088,1612,1626,1910,MPV,5,7,191,350,汽油,
上汽通用别克,中大型MPV,5203*1878*1805,205,-,三年或10万公里,5203,1878,1805,3088,1612,1626,1960,MPV,5,7,191,350,汽油,
上汽通用别克,中大型MPV,5203*1878*1805,205,-,三年或10万公里,5203,1878,1805,3088,1612,1626,1960,MPV,5,7,191,350,汽油,
上汽通用别克,中大型MPV,5203*1878*1805,205,-,三年或10万公里,5203,1878,1805,3088,1612,1626,1980,MPV,5,7,191,350,汽油,
上汽通用别克,中大型MPV,5256*1878*1776,205,-,三年或10万公里,5256,1878,1776,3088,1602,1605,1860,MPV,5,7,191,350,汽油,
上汽通用别克,中大型MPV,5256*1878*1776,205,8.31,三年或10万公里,5256,1878,1776,3088,1602,1605,1860,MPV,5,7,191,350,汽油,
上汽通用别克,中大型MPV,5256*1878*1776,205,-,三年或10万公里,5256,1878,1776,3088,1602,1605,1860,MPV,5,7,191,350,汽油,
上汽通用别克,MPV,5203*1878*1811,205,-,三年或10万公里,5203,1878,1811,3088,1612,1626,1878,MPV,5,7,191,350,汽油,
上汽通用别克,MPV,5203*1878*1809,205,-,三年或10万公里,5203,1878,1809,3088,1612,1626,1910,MPV,5,7,191,350,汽油,
上汽通用别克,MPV,5203*1878*1805,205,-,三年或10万公里,5203,1878,1805,3088,1612,1626,1960,MPV,5,7,191,350,汽油,
上汽通用别克,MPV,5203*1878*1805,205,-,三年或10万公里,5203,1878,1805,3088,1612,1626,1960,MPV,5,7,191,350,汽油,
上汽通用别克,MPV,5203*1878*1805,205,-,三年或10万公里,5203,1878,1805,3088,1612,1626,1980,MPV,5,7,191,350,汽油,
上汽通用别克,MPV,5256*1878*1776,195,-,三年或10万公里,5256,1878,1776,3088,1602,1605,1860,MPV,5,7,147,253,汽油,
上汽通用别克,MPV,5256*1878*1776,195,-,三年或10万公里,5256,1878,1776,3088,1602,1605,1860,MPV,5,7,147,253,汽油,
上汽通用别克,MPV,5256*1878*1776,195,9.84,三年或10万公里,5256,1878,1776,3088,1602,1605,1860,MPV,5,7,147,253,汽油,
上汽通用别克,MPV,5266*1878*1772,180,-,三年或10万公里,5266,1878,1772,3088,1593,1603,1860,MPV,5,7,137,240,汽油,
上汽通用别克,MPV,5213*1847*1750,175,-,三年或10万公里,5213,1847,1750,3088,1586,1596,1840,MPV,5,7,123,225,汽油,
上汽通用别克,MPV,5213*1847*1750,175,11.22,三年或10万公里,5213,1847,1750,3088,1586,1596,1840,MPV,5,7,123,225,汽油,
上汽通用别克,MPV,5213*1847*1750,175,-,三年或10万公里,5213,1847,1750,3088,1586,1596,1840,MPV,5,7,123,225,汽油,
上汽通用别克,MPV,5266*1878*1772,180,-,三年或10万公里,5266,1878,1772,3088,1593,1603,1860,MPV,5,7,137,240,汽油,
上汽通用别克,MPV,5266*1878*1800,180,11.95,三年或10万公里,5266,1878,1800,3088,1593,1603,1860,MPV,5,7,137,240,汽油,
上汽通用别克,MPV,5266*1878*1800,192,-,三年或10万公里,5266,1878,1800,3088,1593,1603,1930,MPV,5,7,190,290,汽油,
上汽通用别克,MPV,5266*1878*1800,192,-,三年或10万公里,5266,1878,1800,3088,1593,1603,1930,MPV,5,7,190,290,汽油,
上汽通用别克,MPV,5256*1878*1800,192,-,三年或10万公里,5256,1878,1800,3088,1593,1601,1930,MPV,5,7,190,290,汽油,
上汽通用别克,MPV,5256*1878*1800,192,-,三年或10万公里,5256,1878,1800,3088,1593,1601,1930,MPV,5,7,190,290,汽油,
上汽通用别克,MPV,5213*1847*1750,175,-,三年或10万公里,5213,1847,1750,3088,1593,1601,1840,MPV,5,7,123,225,汽油,
上汽通用别克,MPV,5213*1847*1750,175,-,三年或10万公里,5213,1847,1750,3088,1593,1601,1840,MPV,5,7,123,225,汽油,
上汽通用别克,MPV,5213*1847*1750,175,-,三年或10万公里,5213,1847,1750,3088,1593,1601,1840,MPV,5,7,123,225,汽油,
上汽通用别克,MPV,5256*1878*1772,180,-,三年或10万公里,5256,1878,1772,3088,1593,1601,1860,MPV,5,7,137,240,汽油,
上汽通用别克,MPV,5256*1878*1800,180,-,三年或10万公里,5256,1878,1800,3088,1593,1601,1860,MPV,5,7,137,240,汽油,
上汽通用别克,MPV,5213*1847*1750,175,-,三年或10万公里,5213,1847,1750,3088,1593,1601,1840,MPV,5,7,123,225,汽油,
上汽通用别克,MPV,5213*1847*1750,175,-,两年或6万公里,5213,1847,1750,3088,1593,1601,1840,MPV,5,7,123,225,汽油,
上汽通用别克,MPV,5213*1847*1750,175,-,两年或6万公里,5213,1847,1750,3088,1593,1601,1840,MPV,5,7,123,225,汽油,
上汽通用别克,MPV,5256*1878*1772,180,-,两年或6万公里,5256,1878,1772,3088,1593,1601,1840,MPV,5,7,123,225,汽油,
上汽通用别克,MPV,5256*1878*1800,180,-,两年或6万公里,5256,1878,1800,3088,1593,1601,1840,MPV,5,7,123,225,汽油,
上汽通用别克,MPV,5256*1878*1800,192,-,两年或6万公里,5256,1878,1800,3088,1593,1601,1930,MPV,5,7,190,290,汽油,
上汽通用别克,MPV,5256*1878*1800,192,9.27,两年或6万公里,5256,1878,1800,3088,1593,1601,1930,MPV,5,7,190,290,汽油,
上汽通用别克,MPV,5100*1847*1729,168,-,两年或6万公里,5100,1847,1729,3047,1562,1608,-,MPV,5,7,112,209,汽油,
上汽通用别克,MPV,5213*1847*1745,168,-,两年或6万公里,5213,1847,1745,3079,1586,1590,-,MPV,5,7,131,244,汽油,
上汽通用别克,MPV,5213*1847*1745,168,-,两年或6万公里,5213,1847,1745,3079,1586,1590,-,MPV,5,7,131,244,汽油,
上汽通用别克,MPV,5213*1847*1745,168,-,两年或6万公里,5213,1847,1745,3079,1586,1590,-,MPV,5,7,131,244,汽油,
上汽通用别克,MPV,5213*1847*1745,168,-,两年或6万公里,5213,1847,1745,3079,1586,1590,-,MPV,5,7,131,244,汽油,
上汽通用别克,MPV,5100*1847*1729,168,-,两年或6万公里,5100,1847,1729,3047,1562,1608,-,MPV,5,7,112,209,汽油,
上汽通用别克,MPV,5100*1847*1729,168,-,两年或6万公里,5100,1847,1729,3047,1562,1608,1803,MPV,5,7,126,256,汽油,
上汽通用别克,MPV,5213*1847*1745,168,-,两年或6万公里,5213,1847,1745,3079,1586,1590,-,MPV,5,8,126,256,汽油,
上汽通用别克,MPV,5213*1847*1745,168,-,两年或6万公里,5213,1847,1745,3079,1586,1590,-,MPV,5,7,126,256,汽油,
上汽通用别克,MPV,5213*1847*1745,168,-,两年或6万公里,5213,1847,1745,3079,1586,1590,-,MPV,5,7,126,256,汽油,
上汽通用别克,MPV,5100*1847*1729,168,-,两年或6万公里,5100,1847,1729,3047,1562,1608,-,MPV,5,7,112,209,汽油,
上汽通用别克,MPV,5100*1847*1729,168,-,两年或6万公里,5100,1847,1729,3047,1562,1608,-,MPV,5,8,112,209,汽油,
上汽通用别克,MPV,5100*1847*1729,168,-,两年或6万公里,5100,1847,1729,3047,1562,1608,1817,MPV,5,7,126,256,汽油,
上汽通用别克,MPV,5100*1847*1729,168,-,两年或6万公里,5100,1847,1729,3047,1562,1608,1803,MPV,5,7,126,256,汽油,
上汽通用别克,MPV,5100*1847*1729,168,-,两年或6万公里,5100,1847,1729,3047,1562,1608,1803,MPV,5,7,126,256,汽油,
上汽通用别克,MPV,5100*1847*1729,168,-,两年或6万公里,5100,1847,1729,3047,1562,1608,1817,MPV,5,7,126,256,汽油,
长城汽车,紧凑型SUV,4645*1860*1720,165,-,三年或10万公里,4645,1860,1720,2680,1585,1585,1580,SUV,5,5,110,218,汽油,
长城汽车,紧凑型SUV,4645*1860*1720,165,-,三年或10万公里,4645,1860,1720,2680,1585,1585,1580,SUV,5,5,110,218,汽油,
长城汽车,紧凑型SUV,4653*1886*1730,180,-,三年或10万公里,4653,1886,1730,2738,1631,1640,1720,SUV,5,5,179,530,油电混合,
长城汽车,紧凑型SUV,4653*1886*1730,190,-,三年或10万公里,4653,1886,1730,2738,1631,1640,1520,SUV,5,5,135,275,汽油,
长城汽车,紧凑型SUV,4653*1886*1730,190,-,三年或10万公里,4653,1886,1730,2738,1631,1640,1560,SUV,5,5,135,275,汽油,
长城汽车,紧凑型SUV,4653*1886*1730,190,-,三年或10万公里,4653,1886,1730,2738,1631,1640,1560,SUV,5,5,135,275,汽油,
长城汽车,紧凑型SUV,4683*1886*1730,190,-,三年或10万公里,4683,1886,1730,2738,1631,1640,1560,SUV,5,5,135,275,汽油,
长城汽车,紧凑型SUV,4615*1860*1720,-,-,三年或10万公里,4615,1860,1720,2680,1585,1585,1675,SUV,5,5,110,210,汽油,
长城汽车,紧凑型SUV,4615*1860*1720,-,-,三年或10万公里,4615,1860,1720,2680,1585,1585,1675,SUV,5,5,110,210,汽油,
长城汽车,紧凑型SUV,4615*1860*1720,-,-,三年或10万公里,4615,1860,1720,2680,1585,1585,1675,SUV,5,5,110,210,汽油,
长城汽车,紧凑型SUV,4615*1860*1720,-,-,三年或10万公里,4615,1860,1720,2680,1585,1585,1675,SUV,5,5,124,285,汽油,
长城汽车,紧凑型SUV,4615*1860*1720,-,-,三年或10万公里,4615,1860,1720,2680,1585,1585,1675,SUV,5,5,124,285,汽油,
长城汽车,紧凑型SUV,4615*1860*1720,-,-,三年或10万公里,4615,1860,1720,2680,1585,1585,1675,SUV,5,5,124,285,汽油,
长城汽车,紧凑型SUV,4615*1860*1720,-,-,三年或10万公里,4615,1860,1720,2680,1585,1585,1675,SUV,5,5,124,285,汽油,
长城汽车,紧凑型SUV,4615*1860*1720,-,-,三年或10万公里,4615,1860,1720,2680,1585,1585,1720,SUV,5,5,165,385,汽油,
长城汽车,紧凑型SUV,4615*1860*1720,-,-,三年或10万公里,4615,1860,1720,2680,1585,1585,1720,SUV,5,5,165,385,汽油,
长城汽车,紧凑型SUV,4615*1860*1720,-,-,三年或10万公里,4615,1860,1720,2680,1585,1585,1720,SUV,5,5,165,385,汽油,
长城汽车,紧凑型SUV,4653*1886*1730,185,-,三年或10万公里,4653,1886,1730,2738,1631,1640,1550,SUV,5,5,124,285,汽油,
长城汽车,紧凑型SUV,4653*1886*1730,-,9.05,三年或10万公里,4653,1886,1730,2738,-,-,-,SUV,5,5,124,285,汽油,
长城汽车,紧凑型SUV,4653*1886*1730,185,-,三年或10万公里,4653,1886,1730,2738,1631,1640,1510,SUV,5,5,124,285,汽油,
长城汽车,紧凑型SUV,4653*1886*1730,185,-,三年或10万公里,4653,1886,1730,2738,1631,1640,1550,SUV,5,5,124,285,汽油,
长城汽车,紧凑型SUV,4681*1827*1710,-,-,三年或10万公里,4681,1827,1710,2680,-,-,-,SUV,5,5,110,210,汽油,
长城汽车,紧凑型SUV,4681*1827*1710,-,-,三年或10万公里,4681,1827,1710,2680,-,-,-,SUV,5,5,110,210,汽油,
长城汽车,紧凑型SUV,4681*1827*1710,-,-,三年或10万公里,4681,1827,1710,2680,-,-,-,SUV,5,5,110,210,汽油,
长城汽车,紧凑型SUV,4649*1852*1710,-,-,三年或10万公里,4649,1852,1710,2680,-,-,-,SUV,5,5,110,210,汽油,
长城汽车,紧凑型SUV,4649*1852*1710,-,-,三年或10万公里,4649,1852,1710,2680,-,-,-,SUV,5,5,110,210,汽油,
长城汽车,紧凑型SUV,4649*1852*1710,-,-,三年或10万公里,4649,1852,1710,2680,-,-,-,SUV,5,5,110,210,汽油,
长城汽车,紧凑型SUV,4653*1886*1730,-,-,三年或10万公里,4653,1886,1730,2738,-,-,-,SUV,5,5,155,325,汽油,
长城汽车,紧凑型SUV,4645*1860*1720,175,-,三年或10万公里,4645,1860,1720,2680,1585,1585,1610,SUV,5,5,110,210,汽油,
长城汽车,紧凑型SUV,4645*1860*1720,175,-,三年或10万公里,4645,1860,1720,2680,1585,1585,1610,SUV,5,5,110,210,汽油,
长城汽车,紧凑型SUV,4645*1860*1720,180,-,三年或10万公里,4645,1860,1720,2680,1585,1585,1645,SUV,5,5,124,285,汽油,
长城汽车,紧凑型SUV,4645*1860*1720,180,-,三年或10万公里,4645,1860,1720,2680,1585,1585,1645,SUV,5,5,124,285,汽油,
长城汽车,紧凑型SUV,4645*1860*1720,180,-,三年或10万公里,4645,1860,1720,2680,1585,1585,1645,SUV,5,5,124,285,汽油,
长城汽车,紧凑型SUV,4645*1860*1720,205,-,三年或10万公里,4645,1860,1720,2680,1585,1585,1670,SUV,5,5,165,385,汽油,
长城汽车,紧凑型SUV,4645*1860*1720,205,-,三年或10万公里,4645,1860,1720,2680,1585,1585,1670,SUV,5,5,165,385,汽油,
长城汽车,紧凑型SUV,4683*1886*1730,185,-,三年或10万公里,4683,1886,1730,2738,1631,1640,1550,SUV,5,5,124,285,汽油,
长城汽车,紧凑型SUV,4683*1886*1730,200,-,三年或10万公里,4683,1886,1730,2738,1631,1640,1659,SUV,5,5,155,325,汽油,
长城汽车,紧凑型SUV,4653*1886*1730,170,-,三年或10万公里,4653,1886,1730,2738,1631,1640,1510,SUV,5,5,113,233,汽油,
长城汽车,紧凑型SUV,4653*1886*1730,200,-,三年或10万公里,4653,1886,1730,2738,1631,1640,1590,SUV,5,5,155,325,汽油,
长城汽车,紧凑型SUV,4653*1886*1730,200,8.43,三年或10万公里,4653,1886,1730,2738,1631,1640,1659,SUV,5,5,155,325,汽油,
长城汽车,紧凑型SUV,4600*1860*1720,-,-,三年或10万公里,4600,1860,1720,2680,-,-,1625,SUV,5,5,124,285,汽油,
长城汽车,紧凑型SUV,4600*1860*1720,-,-,三年或10万公里,4600,1860,1720,2680,-,-,1645,SUV,5,5,124,285,汽油,
长城汽车,紧凑型SUV,4600*1860*1720,-,-,三年或10万公里,4600,1860,1720,2680,-,-,1675,SUV,5,5,124,285,汽油,
长城汽车,紧凑型SUV,4600*1860*1720,-,-,三年或10万公里,4600,1860,1720,2680,-,-,1675,SUV,5,5,124,285,汽油,
长城汽车,紧凑型SUV,4600*1860*1720,-,-,三年或10万公里,4600,1860,1720,2680,-,-,1645,SUV,5,5,124,285,汽油,
长城汽车,紧凑型SUV,4600*1860*1720,-,-,三年或10万公里,4600,1860,1720,2680,-,-,1720,SUV,5,5,165,385,汽油,
长城汽车,紧凑型SUV,4600*1860*1720,-,-,三年或10万公里,4600,1860,1720,2680,-,-,1720,SUV,5,5,165,385,汽油,
长城汽车,紧凑型SUV,4600*1860*1720,-,-,三年或10万公里,4600,1860,1720,2680,-,-,-,SUV,5,5,165,385,汽油,
长城汽车,紧凑型SUV,4600*1860*1720,-,-,三年或10万公里,4600,1860,1720,2680,-,-,-,SUV,5,5,165,385,汽油,
长城汽车,紧凑型SUV,4600*1860*1720,-,-,三年或10万公里,4600,1860,1720,2680,-,-,-,SUV,5,5,165,385,汽油,
长城汽车,紧凑型SUV,4600*1860*1720,-,-,三年或10万公里,4600,1860,1720,2680,-,-,1661,SUV,5,5,124,285,汽油,
长城汽车,紧凑型SUV,4600*1860*1720,-,-,三年或10万公里,4600,1860,1720,2680,-,-,1661,SUV,5,5,124,285,汽油,
长城汽车,紧凑型SUV,4600*1860*1720,-,-,三年或10万公里,4600,1860,1720,2680,-,-,1661,SUV,5,5,124,285,汽油,
长城汽车,紧凑型SUV,4600*1860*1720,-,-,三年或10万公里,4600,1860,1720,2680,-,-,1661,SUV,5,5,124,285,汽油,
长城汽车,紧凑型SUV,4600*1860*1720,-,-,三年或10万公里,4600,1860,1720,2680,-,-,1661,SUV,5,5,124,285,汽油,
长城汽车,紧凑型SUV,4600*1860*1720,-,-,三年或10万公里,4600,1860,1720,2680,-,-,1720,SUV,5,5,145,345,汽油,
长城汽车,紧凑型SUV,4600*1860*1720,-,-,三年或10万公里,4600,1860,1720,2680,-,-,1720,SUV,5,5,145,345,汽油,
长城汽车,紧凑型SUV,4610*1860*1720,-,-,三年或10万公里,4610,1860,1720,2680,-,-,-,SUV,5,5,124,285,汽油,
长城汽车,紧凑型SUV,4610*1860*1720,-,-,三年或10万公里,4610,1860,1720,2680,-,-,-,SUV,5,5,124,285,汽油,
长城汽车,紧凑型SUV,4610*1860*1720,-,-,三年或10万公里,4610,1860,1720,2680,-,-,-,SUV,5,5,124,285,汽油,
长城汽车,紧凑型SUV,4610*1860*1720,-,-,三年或10万公里,4610,1860,1720,2680,-,-,-,SUV,5,5,124,285,汽油,
长城汽车,紧凑型SUV,4610*1860*1720,-,-,三年或10万公里,4610,1860,1720,2680,-,-,-,SUV,5,5,124,285,汽油,
长城汽车,紧凑型SUV,4610*1860*1720,-,-,三年或10万公里,4610,1860,1720,2680,-,-,-,SUV,5,5,145,345,汽油,
长城汽车,紧凑型SUV,4610*1860*1720,-,-,三年或10万公里,4610,1860,1720,2680,-,-,-,SUV,5,5,145,345,汽油,
长城汽车,紧凑型SUV,4600*1860*1720,-,-,三年或10万公里,4600,1860,1720,2680,-,-,1661,SUV,5,5,124,285,汽油,
长城汽车,紧凑型SUV,4600*1860*1720,-,-,三年或10万公里,4600,1860,1720,2680,-,-,1661,SUV,5,5,124,285,汽油,
长城汽车,紧凑型SUV,4600*1860*1720,-,-,三年或10万公里,4600,1860,1720,2680,-,-,1661,SUV,5,5,124,285,汽油,
长城汽车,紧凑型SUV,4600*1860*1720,-,-,三年或10万公里,4600,1860,1720,2680,-,-,1661,SUV,5,5,124,285,汽油,
长城汽车,紧凑型SUV,4600*1860*1720,-,-,三年或10万公里,4600,1860,1720,2680,-,-,1661,SUV,5,5,124,285,汽油,
长城汽车,紧凑型SUV,4600*1860*1720,-,-,三年或10万公里,4600,1860,1720,2680,-,-,1720,SUV,5,5,145,345,汽油,
长城汽车,紧凑型SUV,4600*1860*1720,-,-,三年或10万公里,4600,1860,1720,2680,-,-,1720,SUV,5,5,145,345,汽油,
长城汽车,紧凑型SUV,4600*1860*1720,-,-,三年或10万公里,4600,1860,1720,2680,-,-,-,SUV,5,5,124,285,汽油,
长城汽车,紧凑型SUV,4600*1860*1720,-,-,三年或10万公里,4600,1860,1720,2680,-,-,1675,SUV,5,5,124,285,汽油,
长城汽车,紧凑型SUV,4600*1860*1720,-,-,三年或10万公里,4600,1860,1720,2680,-,-,1675,SUV,5,5,124,285,汽油,
长城汽车,紧凑型SUV,4600*1860*1720,-,-,三年或10万公里,4600,1860,1720,2680,-,-,1675,SUV,5,5,124,285,汽油,
长城汽车,紧凑型SUV,4649*1852*1710,-,-,三年或10万公里,4649,1852,1710,2680,-,-,-,SUV,5,5,110,210,汽油,
长城汽车,紧凑型SUV,4649*1852*1710,-,-,三年或10万公里,4649,1852,1710,2680,-,-,1592,SUV,5,5,110,210,汽油,
长城汽车,紧凑型SUV,4649*1852*1710,-,-,三年或10万公里,4649,1852,1710,2680,-,-,-,SUV,5,5,110,210,汽油,
长城汽车,紧凑型SUV,4649*1852*1710,-,-,三年或10万公里,4649,1852,1710,2680,-,-,-,SUV,5,5,110,210,汽油,
长城汽车,紧凑型SUV,4649*1852*1710,-,-,三年或10万公里,4649,1852,1710,2680,-,-,1580,SUV,5,5,110,210,汽油,
长城汽车,紧凑型SUV,4649*1852*1710,-,-,三年或10万公里,4649,1852,1710,2680,-,-,1580,SUV,5,5,110,210,汽油,
长城汽车,紧凑型SUV,4681*1827*1710,-,-,三年或10万公里,4681,1827,1710,2680,-,-,-,SUV,5,5,110,210,汽油,
长城汽车,紧凑型SUV,4681*1827*1710,-,-,三年或10万公里,4681,1827,1710,2680,-,-,1580,SUV,5,5,110,210,汽油,
长城汽车,紧凑型SUV,4681*1827*1710,-,-,三年或10万公里,4681,1827,1710,2680,-,-,1580,SUV,5,5,110,210,汽油,
长城汽车,紧凑型SUV,4600*1860*1720,-,-,三年或10万公里,4600,1860,1720,2680,-,-,-,SUV,5,5,145,345,汽油,
长城汽车,紧凑型SUV,4600*1860*1720,-,-,三年或10万公里,4600,1860,1720,2680,-,-,-,SUV,5,5,124,285,汽油,
长城汽车,紧凑型SUV,4600*1860*1720,-,-,三年或10万公里,4600,1860,1720,2680,-,-,-,SUV,5,5,124,285,汽油,
长城汽车,紧凑型SUV,4610*1860*1720,-,-,三年或10万公里,4610,1860,1720,2680,-,-,-,SUV,5,5,124,285,汽油,
长城汽车,紧凑型SUV,4610*1860*1720,-,-,三年或10万公里,4610,1860,1720,2680,-,-,-,SUV,5,5,124,285,汽油,
长城汽车,紧凑型SUV,4610*1860*1720,-,-,三年或10万公里,4610,1860,1720,2680,-,-,-,SUV,5,5,145,345,汽油,
长城汽车,紧凑型SUV,4649*1852*1710,-,-,三年或10万公里,4649,1852,1710,2680,-,-,1580,SUV,5,5,110,210,汽油,
长城汽车,紧凑型SUV,4649*1852*1710,-,-,三年或10万公里,4649,1852,1710,2680,-,-,1580,SUV,5,5,110,210,汽油,
长城汽车,紧凑型SUV,4649*1852*1710,-,-,三年或10万公里,4649,1852,1710,2680,-,-,1580,SUV,5,5,110,210,汽油,
长城汽车,紧凑型SUV,4649*1852*1710,-,-,三年或6万公里,4649,1852,1710,2680,-,-,-,SUV,5,5,110,210,汽油,
长城汽车,紧凑型SUV,4649*1852*1710,-,-,三年或6万公里,4649,1852,1710,2680,-,-,-,SUV,5,5,110,210,汽油,
长城汽车,紧凑型SUV,4649*1852*1710,-,-,三年或6万公里,4649,1852,1710,2680,-,-,-,SUV,5,5,110,210,汽油,
长城汽车,紧凑型SUV,4649*1852*1710,-,-,三年或6万公里,4649,1852,1710,2680,-,-,-,SUV,5,5,110,210,汽油,
长城汽车,紧凑型SUV,4649*1852*1710,-,-,三年或6万公里,4649,1852,1710,2680,-,-,-,SUV,5,5,110,210,汽油,
长城汽车,紧凑型SUV,4649*1852*1710,-,-,三年或6万公里,4649,1852,1710,2680,-,-,-,SUV,5,5,110,210,汽油,
长城汽车,紧凑型SUV,4649*1852*1710,-,-,三年或6万公里,4649,1852,1710,2680,-,-,-,SUV,5,5,120,350,柴油,
长城汽车,紧凑型SUV,4649*1852*1710,-,-,三年或6万公里,4649,1852,1710,2680,-,-,-,SUV,5,5,120,350,柴油,
长城汽车,紧凑型SUV,4649*1852*1710,-,-,三年或6万公里,4649,1852,1710,2680,-,-,-,SUV,5,5,120,350,柴油,
长城汽车,紧凑型SUV,4649*1852*1710,-,-,三年或6万公里,4649,1852,1710,2680,-,-,-,SUV,5,5,120,350,柴油,
长城汽车,紧凑型SUV,4649*1852*1710,-,-,三年或6万公里,4649,1852,1710,2680,-,-,-,SUV,5,5,120,350,柴油,
长城汽车,紧凑型SUV,4649*1852*1710,-,-,三年或6万公里,4649,1852,1710,2680,-,-,-,SUV,5,5,120,350,柴油,
长城汽车,紧凑型SUV,4649*1852*1710,-,-,三年或6万公里,4649,1852,1710,2680,-,-,-,SUV,5,5,120,350,柴油,
长城汽车,紧凑型SUV,4649*1852*1710,-,-,三年或6万公里,4649,1852,1710,2680,-,-,-,SUV,5,5,120,350,柴油,
长城汽车,紧凑型SUV,4681*1827*1710,-,-,三年或6万公里,4681,1827,1710,2680,-,-,-,SUV,5,5,110,210,汽油,
长城汽车,紧凑型SUV,4681*1827*1710,-,-,三年或6万公里,4681,1827,1710,2680,-,-,-,SUV,5,5,110,210,汽油,
长城汽车,紧凑型SUV,4681*1827*1710,-,-,三年或6万公里,4681,1827,1710,2680,-,-,-,SUV,5,5,110,210,汽油,
长城汽车,紧凑型SUV,4681*1827*1710,-,-,三年或6万公里,4681,1827,1710,2680,-,-,-,SUV,5,5,110,210,汽油,
长城汽车,紧凑型SUV,4681*1827*1710,-,-,三年或6万公里,4681,1827,1710,2680,-,-,-,SUV,5,5,110,210,汽油,
长城汽车,紧凑型SUV,4681*1827*1710,-,-,三年或6万公里,4681,1827,1710,2680,-,-,-,SUV,5,5,110,210,汽油,
长城汽车,紧凑型SUV,4681*1827*1710,-,-,三年或6万公里,4681,1827,1710,2680,-,-,-,SUV,5,5,120,350,柴油,
长城汽车,紧凑型SUV,4681*1827*1710,-,-,三年或6万公里,4681,1827,1710,2680,-,-,-,SUV,5,5,120,350,柴油,
长城汽车,紧凑型SUV,4681*1827*1710,-,-,三年或6万公里,4681,1827,1710,2680,-,-,-,SUV,5,5,120,350,柴油,
长城汽车,紧凑型SUV,4681*1827*1710,-,-,三年或6万公里,4681,1827,1710,2680,-,-,-,SUV,5,5,120,350,柴油,
长城汽车,紧凑型SUV,4640*1825*1690,-,-,三年或6万公里,4640,1825,1690,2680,-,-,-,SUV,5,5,110,210,汽油,
长城汽车,紧凑型SUV,4640*1825*1690,-,-,三年或6万公里,4640,1825,1690,2680,-,-,-,SUV,5,5,110,210,汽油,
长城汽车,紧凑型SUV,4640*1825*1690,-,-,三年或6万公里,4640,1825,1690,2680,-,-,-,SUV,5,5,110,210,汽油,
长城汽车,紧凑型SUV,4640*1825*1690,-,-,三年或6万公里,4640,1825,1690,2680,-,-,-,SUV,5,5,110,210,汽油,
长城汽车,紧凑型SUV,4640*1825*1690,-,-,三年或6万公里,4640,1825,1690,2680,-,-,-,SUV,5,5,110,210,汽油,
长城汽车,紧凑型SUV,4640*1825*1690,-,-,三年或6万公里,4640,1825,1690,2680,-,-,-,SUV,5,5,110,210,汽油,
长城汽车,紧凑型SUV,4640*1825*1690,-,-,三年或6万公里,4640,1825,1690,2680,-,-,-,SUV,5,5,110,210,汽油,
长城汽车,紧凑型SUV,4640*1825*1690,-,-,三年或6万公里,4640,1825,1690,2680,-,-,-,SUV,5,5,110,210,汽油,
长城汽车,紧凑型SUV,4600*1860*1720,-,-,三年或10万公里,4600,1860,1720,2680,-,-,-,SUV,5,5,102,235,汽油,
长城汽车,紧凑型SUV,4600*1860*1720,-,-,三年或10万公里,4600,1860,1720,2680,-,-,-,SUV,5,5,102,235,汽油,
长城汽车,紧凑型SUV,4600*1860*1720,-,-,三年或10万公里,4600,1860,1720,2680,-,-,-,SUV,5,5,102,235,汽油,
长城汽车,紧凑型SUV,4600*1860*1720,-,-,三年或10万公里,4600,1860,1720,2680,-,-,-,SUV,5,5,145,315,汽油,
长城汽车,紧凑型SUV,4600*1860*1720,-,-,三年或10万公里,4600,1860,1720,2680,-,-,-,SUV,5,5,145,315,汽油,
长城汽车,紧凑型SUV,4600*1860*1720,-,-,三年或10万公里,4600,1860,1720,2680,-,-,-,SUV,5,5,145,315,汽油,
长城汽车,紧凑型SUV,4600*1860*1720,-,-,三年或10万公里,4600,1860,1720,2680,-,-,-,SUV,5,5,102,235,汽油,
长城汽车,紧凑型SUV,4600*1860*1720,-,-,三年或10万公里,4600,1860,1720,2680,-,-,-,SUV,5,5,102,235,汽油,
长城汽车,紧凑型SUV,4600*1860*1720,-,-,三年或10万公里,4600,1860,1720,2680,-,-,-,SUV,5,5,102,235,汽油,
长城汽车,紧凑型SUV,4600*1860*1720,-,-,三年或10万公里,4600,1860,1720,2680,-,-,-,SUV,5,5,145,315,汽油,
长城汽车,紧凑型SUV,4600*1860*1720,-,-,三年或10万公里,4600,1860,1720,2680,-,-,-,SUV,5,5,145,315,汽油,
长城汽车,紧凑型SUV,4600*1860*1720,-,-,三年或10万公里,4600,1860,1720,2680,-,-,-,SUV,5,5,145,315,汽油,
长城汽车,紧凑型SUV,4649*1852*1710,-,-,-,4649,1852,1710,2680,-,-,-,SUV,5,5,110,210,汽油,
长城汽车,紧凑型SUV,4649*1852*1710,-,-,-,4649,1852,1710,2680,-,-,-,SUV,5,5,110,210,汽油,
长城汽车,紧凑型SUV,4681*1827*1710,-,-,-,4681,1827,1710,2680,-,-,-,SUV,5,5,110,210,汽油,
长城汽车,紧凑型SUV,4681*1827*1710,-,-,-,4681,1827,1710,2680,-,-,-,SUV,5,5,110,210,汽油,
长城汽车,紧凑型SUV,4600*1860*1720,-,-,-,4600,1860,1720,2680,-,-,-,SUV,5,5,124,285,汽油,
长城汽车,紧凑型SUV,4600*1860*1720,-,-,-,4600,1860,1720,2680,-,-,-,SUV,5,5,124,285,汽油,
长城汽车,紧凑型SUV,4600*1860*1720,-,-,-,4600,1860,1720,2680,-,-,-,SUV,5,5,124,285,汽油,
长城汽车,紧凑型SUV,4600*1860*1720,-,-,-,4600,1860,1720,2680,-,-,-,SUV,5,5,124,285,汽油,
长城汽车,紧凑型SUV,4600*1860*1720,-,-,-,4600,1860,1720,2680,-,-,-,SUV,5,5,124,285,汽油,
长城汽车,紧凑型SUV,4600*1860*1720,-,-,-,4600,1860,1720,2680,-,-,-,SUV,5,5,124,285,汽油,
长城汽车,紧凑型SUV,4640*1825*1690,-,-,三年或6万公里,4640,1825,1690,2680,1565,1565,-,SUV,5,5,110,210,汽油,
长城汽车,紧凑型SUV,4640*1825*1690,-,-,三年或6万公里,4640,1825,1690,2680,1565,1565,-,SUV,5,5,110,210,汽油,
长城汽车,紧凑型SUV,4640*1825*1690,-,-,三年或6万公里,4640,1825,1690,2680,1565,1565,1541,SUV,5,5,110,210,汽油,
长城汽车,紧凑型SUV,4640*1825*1690,-,-,三年或6万公里,4640,1825,1690,2680,1565,1565,-,SUV,5,5,110,210,汽油,
长城汽车,紧凑型SUV,4640*1825*1690,-,-,三年或6万公里,4640,1825,1690,2680,1565,1565,1541,SUV,5,5,110,210,汽油,
长城汽车,紧凑型SUV,4640*1825*1690,-,-,三年或6万公里,4640,1825,1690,2680,1565,1565,-,SUV,5,5,110,210,汽油,
长城汽车,紧凑型SUV,4640*1825*1690,-,-,三年或6万公里,4640,1825,1690,2680,1565,1565,-,SUV,5,5,110,210,汽油,
长城汽车,紧凑型SUV,4640*1825*1690,-,-,三年或6万公里,4640,1825,1690,2680,1565,1565,-,SUV,5,5,110,210,汽油,
长城汽车,紧凑型SUV,4640*1825*1690,-,-,三年或6万公里,4640,1825,1690,2680,1565,1565,1554,SUV,5,5,110,210,汽油,
长城汽车,紧凑型SUV,4640*1825*1690,-,-,三年或6万公里,4640,1825,1690,2680,1565,1565,-,SUV,5,5,110,210,汽油,
长城汽车,紧凑型SUV,4640*1825*1690,-,-,三年或6万公里,4640,1825,1690,2680,1565,1565,-,SUV,5,5,120,350,柴油,
长城汽车,紧凑型SUV,4640*1825*1690,-,-,三年或6万公里,4640,1825,1690,2680,1565,1565,-,SUV,5,5,110,310,柴油,
长城汽车,紧凑型SUV,4640*1825*1690,-,-,三年或6万公里,4640,1825,1690,2680,1565,1565,-,SUV,5,5,120,350,柴油,
长城汽车,紧凑型SUV,4640*1825*1690,-,-,三年或6万公里,4640,1825,1690,2680,1565,1565,-,SUV,5,5,110,310,柴油,
长城汽车,紧凑型SUV,4640*1825*1690,-,-,三年或6万公里,4640,1825,1690,2680,1565,1565,-,SUV,5,5,120,350,柴油,
长城汽车,紧凑型SUV,4640*1825*1690,-,-,三年或6万公里,4640,1825,1690,2680,1565,1565,-,SUV,5,5,110,310,柴油,
长城汽车,紧凑型SUV,4640*1825*1690,-,-,三年或6万公里,4640,1825,1690,2680,1565,1565,-,SUV,5,5,120,350,柴油,
长城汽车,紧凑型SUV,4640*1825*1690,-,-,三年或6万公里,4640,1825,1690,2680,1565,1565,-,SUV,5,5,110,310,柴油,
长城汽车,紧凑型SUV,4640*1825*1690,-,-,三年或6万公里,4640,1825,1690,2680,1565,1565,-,SUV,5,5,120,350,柴油,
长城汽车,紧凑型SUV,4640*1825*1690,-,-,三年或6万公里,4640,1825,1690,2680,1565,1565,-,SUV,5,5,110,310,柴油,
长城汽车,紧凑型SUV,4640*1825*1690,-,-,三年或6万公里,4640,1825,1690,2680,1565,1565,-,SUV,5,5,120,350,柴油,
长城汽车,紧凑型SUV,4640*1825*1690,-,-,三年或6万公里,4640,1825,1690,2680,1565,1565,-,SUV,5,5,110,310,柴油,
长城汽车,SUV,4640*1825*1690,-,-,三年或6万公里,4640,1825,1690,2680,1565,1565,-,SUV,5,5,110,210,汽油,
长城汽车,SUV,4640*1825*1690,-,-,三年或6万公里,4640,1825,1690,2680,1565,1565,-,SUV,5,5,110,210,汽油,
长城汽车,SUV,4640*1825*1690,-,-,三年或6万公里,4640,1825,1690,2680,1565,1565,-,SUV,5,5,110,210,汽油,
长城汽车,SUV,4640*1825*1690,-,-,三年或6万公里,4640,1825,1690,2680,1565,1565,-,SUV,5,5,110,210,汽油,
长城汽车,SUV,4640*1825*1690,-,-,三年或6万公里,4640,1825,1690,2680,1565,1565,-,SUV,5,5,110,210,汽油,
长城汽车,SUV,4640*1825*1690,-,-,三年或6万公里,4640,1825,1690,2680,1565,1565,-,SUV,5,5,110,210,汽油,
长城汽车,SUV,4649*1852*1710,-,-,三年或6万公里,4649,1852,1710,2680,-,-,1554,SUV,5,5,110,210,汽油,
长城汽车,SUV,4649*1852*1710,-,-,三年或6万公里,4649,1852,1710,2680,-,-,1554,SUV,5,5,110,210,汽油,
长城汽车,SUV,4649*1852*1710,-,-,三年或6万公里,4649,1852,1710,2680,-,-,-,SUV,5,5,110,210,汽油,
长城汽车,SUV,4649*1852*1710,-,-,三年或6万公里,4649,1852,1710,2680,-,-,-,SUV,5,5,110,210,汽油,
长城汽车,SUV,4649*1852*1710,-,-,三年或6万公里,4649,1852,1710,2680,-,-,-,SUV,5,5,110,210,汽油,
长城汽车,SUV,4649*1852*1710,-,-,三年或6万公里,4649,1852,1710,2680,-,-,-,SUV,5,5,110,210,汽油,
长城汽车,SUV,4649*1852*1710,-,-,三年或6万公里,4649,1852,1710,2680,-,-,-,SUV,5,5,110,210,汽油,
长城汽车,SUV,4649*1852*1710,-,-,三年或6万公里,4649,1852,1710,2680,-,-,-,SUV,5,5,110,210,汽油,
长城汽车,SUV,4649*1852*1710,-,-,三年或6万公里,4649,1852,1710,2680,-,-,-,SUV,5,5,110,210,汽油,
长城汽车,SUV,4649*1852*1710,-,-,三年或6万公里,4649,1852,1710,2680,-,-,-,SUV,5,5,110,210,汽油,
长城汽车,SUV,4649*1852*1710,-,-,三年或6万公里,4649,1852,1710,2680,-,-,-,SUV,5,5,120,210,汽油,
长城汽车,SUV,4649*1852*1710,-,-,三年或6万公里,4649,1852,1710,2680,-,-,-,SUV,5,5,120,210,汽油,
长城汽车,SUV,4640*1825*1690,-,-,三年或6万公里,4640,1825,1690,2680,1565,1565,-,SUV,5,5,110,210,汽油,
长城汽车,SUV,4640*1825*1690,-,-,三年或6万公里,4640,1825,1690,2680,1565,1565,-,SUV,5,5,110,210,汽油,
长城汽车,SUV,4649*1852*1710,-,-,三年或6万公里,4649,1852,1710,2680,-,-,-,SUV,5,5,110,210,汽油,
长城汽车,SUV,4649*1852*1710,-,-,三年或6万公里,4649,1852,1710,2680,-,-,-,SUV,5,5,110,210,汽油,
长城汽车,SUV,4640*1825*1690,-,-,三年或6万公里,4640,1825,1690,2680,1565,1565,-,SUV,5,5,110,310,柴油,
长城汽车,SUV,4640*1825*1690,-,-,三年或6万公里,4640,1825,1690,2680,1565,1565,-,SUV,5,5,110,310,柴油,
长城汽车,SUV,4640*1825*1690,-,-,三年或6万公里,4640,1825,1690,2680,1565,1565,-,SUV,5,5,110,310,柴油,
长城汽车,SUV,4640*1825*1690,-,-,三年或6万公里,4640,1825,1690,2680,1565,1565,-,SUV,5,5,110,310,柴油,
长城汽车,SUV,4640*1825*1690,-,-,三年或6万公里,4640,1825,1690,2680,1565,1565,-,SUV,5,5,110,310,柴油,
长城汽车,SUV,4640*1825*1690,-,-,三年或6万公里,4640,1825,1690,2680,1565,1565,-,SUV,5,5,110,310,柴油,
长城汽车,SUV,4649*1852*1710,-,-,三年或6万公里,4649,1852,1710,2680,-,-,-,SUV,5,5,110,310,柴油,
长城汽车,SUV,4649*1852*1710,-,-,三年或6万公里,4649,1852,1710,2680,-,-,-,SUV,5,5,110,310,柴油,
长城汽车,SUV,4649*1852*1710,-,-,三年或6万公里,4649,1852,1710,2680,-,-,-,SUV,5,5,110,310,柴油,
长城汽车,SUV,4649*1852*1710,-,-,三年或6万公里,4649,1852,1710,2680,-,-,-,SUV,5,5,110,310,柴油,
长城汽车,SUV,4649*1852*1710,-,-,三年或6万公里,4649,1852,1710,2680,-,-,-,SUV,5,5,110,310,柴油,
长城汽车,SUV,4649*1852*1710,-,-,三年或6万公里,4649,1852,1710,2680,-,-,-,SUV,5,5,110,310,柴油,
长城汽车,SUV,4640*1825*1690,-,-,五年或10万公里,4640,1825,1690,2680,1565,1565,1588,SUV,5,5,110,210,汽油,
长城汽车,SUV,4640*1825*1690,-,-,五年或10万公里,4640,1825,1690,2680,1565,1565,1588,SUV,5,5,110,210,汽油,
长城汽车,SUV,4640*1825*1690,-,-,五年或10万公里,4640,1825,1690,2680,1565,1565,1588,SUV,5,5,110,210,汽油,
长城汽车,SUV,4640*1825*1690,-,11.59,三年或6万公里,4640,1825,1690,2680,1565,1565,1541,SUV,5,5,110,210,汽油,
长城汽车,SUV,4640*1825*1690,-,-,三年或6万公里,4640,1825,1690,2680,1565,1565,1541,SUV,5,5,110,210,汽油,
长城汽车,SUV,4649*1852*1727,-,-,五年或10万公里,4649,1852,1727,2680,-,-,-,SUV,5,5,110,210,汽油,
长城汽车,SUV,4649*1852*1727,-,-,三年或6万公里,4649,1852,1727,2680,-,-,-,SUV,5,5,110,210,汽油,
长城汽车,SUV,4649*1852*1727,-,-,三年或6万公里,4649,1852,1727,2680,-,-,-,SUV,5,5,110,210,汽油,
长城汽车,SUV,4640*1825*1690,-,-,三年或6万公里,4640,1825,1690,2680,1565,1565,1588,SUV,5,5,110,210,汽油,
长城汽车,SUV,4640*1825*1690,-,-,三年或6万公里,4640,1825,1690,2680,1565,1565,1588,SUV,5,5,110,210,汽油,
长城汽车,SUV,4640*1825*1690,-,-,三年或6万公里,4640,1825,1690,2680,1565,1565,1556,SUV,5,5,120,210,汽油,
长城汽车,SUV,4640*1825*1690,-,-,三年或6万公里,4640,1825,1690,2680,1565,1565,1556,SUV,5,5,120,210,汽油,
长城汽车,SUV,4640*1825*1690,-,-,三年或6万公里,4640,1825,1690,2680,1565,1565,1541,SUV,5,5,110,210,汽油,
长城汽车,SUV,4649*1852*1710,-,-,三年或6万公里,4649,1852,1710,2680,-,-,-,SUV,5,5,110,210,汽油,
长城汽车,SUV,4649*1852*1710,-,-,三年或6万公里,4649,1852,1710,2680,-,-,-,SUV,5,5,110,210,汽油,
长城汽车,SUV,4640*1825*1690,-,-,五年或10万公里,4640,1825,1690,2680,1565,1565,1556,SUV,5,5,120,210,汽油,
长城汽车,SUV,4640*1825*1690,-,-,五年或10万公里,4640,1825,1690,2680,1565,1565,1556,SUV,5,5,120,210,汽油,
长城汽车,SUV,4640*1825*1690,-,-,五年或10万公里,4640,1825,1690,2680,1565,1565,1520,SUV,5,5,120,210,汽油,
长城汽车,SUV,4640*1825*1690,-,-,五年或10万公里,4640,1825,1690,2680,1565,1565,1520,SUV,5,5,120,210,汽油,
长城汽车,SUV,4640*1825*1690,-,-,五年或10万公里,4640,1825,1690,2680,1565,1565,1520,SUV,5,5,120,210,汽油,
长城汽车,SUV,4640*1825*1690,-,-,五年或10万公里,4640,1825,1690,2680,1565,1565,1541,SUV,5,5,110,210,汽油,
长城汽车,SUV,4640*1825*1690,-,-,五年或10万公里,4640,1825,1690,2680,1565,1565,1541,SUV,5,5,110,210,汽油,
长城汽车,SUV,4640*1825*1690,-,11.59,五年或10万公里,4640,1825,1690,2680,1565,1565,1541,SUV,5,5,110,210,汽油,
长城汽车,SUV,4640*1825*1690,180,-,五年或10万公里,4640,1825,1690,2680,1565,1565,1700,SUV,5,5,110,310,柴油,
长城汽车,SUV,4640*1825*1690,180,-,五年或10万公里,4640,1825,1690,2680,1565,1565,1700,SUV,5,5,110,310,柴油,
长城汽车,SUV,4640*1825*1690,180,-,五年或10万公里,4640,1825,1690,2680,1565,1565,1700,SUV,5,5,110,310,柴油,
长城汽车,SUV,4640*1825*1690,180,-,五年或10万公里,4640,1825,1690,2680,1565,1565,1520,SUV,5,5,98,186,汽油,
长城汽车,SUV,4640*1825*1690,180,13.13,五年或10万公里,4640,1825,1690,2680,1565,1565,1520,SUV,5,5,98,186,汽油,
长城汽车,SUV,4640*1825*1690,180,-,五年或10万公里,4640,1825,1690,2680,1565,1565,1520,SUV,5,5,98,186,汽油,
长城汽车,SUV,4640*1825*1690,180,-,五年或10万公里,4640,1825,1690,2680,1565,1565,1615,SUV,5,5,110,310,柴油,
长城汽车,SUV,4640*1825*1690,180,-,五年或10万公里,4640,1825,1690,2680,1565,1565,1615,SUV,5,5,110,310,柴油,
长城汽车,SUV,4640*1825*1690,180,-,五年或10万公里,4640,1825,1690,2680,1565,1565,1615,SUV,5,5,110,310,柴油,
广汽丰田,SUV,4965*1930*1750,180,-,三年或10万公里,4965,1930,1750,2850,1655,1660,2090,SUV,5,7,181,-,油电混合,
广汽丰田,SUV,4965*1930*1750,180,-,三年或10万公里,4965,1930,1750,2850,1655,1660,1930,SUV,5,5,181,-,油电混合,
广汽丰田,SUV,4965*1930*1750,180,-,三年或10万公里,4965,1930,1750,2850,1655,1660,1965,SUV,5,7,181,-,油电混合,
广汽丰田,SUV,4965*1930*1750,180,-,三年或10万公里,4965,1930,1750,2850,1655,1660,2020,SUV,5,7,181,-,油电混合,
广汽丰田,SUV,4965*1930*1750,180,-,三年或10万公里,4965,1930,1750,2850,1655,1660,2035,SUV,5,7,181,-,油电混合,
广汽丰田,SUV,4965*1930*1750,180,-,三年或10万公里,4965,1930,1750,2850,1655,1660,2070,SUV,5,7,181,-,油电混合,
广汽丰田,SUV,4965*1930*1750,180,-,三年或10万公里,4965,1930,1750,2850,1655,1660,2090,SUV,5,7,181,-,油电混合,
广汽丰田,SUV,4965*1930*1750,180,-,三年或10万公里,4965,1930,1750,2850,1655,1660,2115,SUV,5,7,181,-,油电混合,
广汽丰田,SUV,4965*1930*1750,180,-,三年或10万公里,4965,1930,1750,2850,1655,1660,1930,SUV,5,5,181,-,油电混合,
广汽丰田,SUV,4965*1930*1750,180,-,三年或10万公里,4965,1930,1750,2850,1655,1660,1965,SUV,5,7,181,-,油电混合,
广汽丰田,SUV,4965*1930*1750,180,-,三年或10万公里,4965,1930,1750,2850,1655,1660,2035,SUV,5,7,181,-,油电混合,
广汽丰田,SUV,4965*1930*1750,180,-,三年或10万公里,4965,1930,1750,2850,1655,1660,1930,SUV,5,5,183,-,油电混合,
广汽丰田,SUV,4965*1930*1750,180,-,三年或10万公里,4965,1930,1750,2850,1655,1660,1965,SUV,5,7,183,-,油电混合,
广汽丰田,SUV,4965*1930*1750,180,-,三年或10万公里,4965,1930,1750,2850,1655,1660,2020,SUV,5,7,183,-,油电混合,
广汽丰田,SUV,4965*1930*1750,180,-,三年或10万公里,4965,1930,1750,2850,1655,1660,2035,SUV,5,7,183,-,油电混合,
广汽丰田,SUV,4965*1930*1750,180,-,三年或10万公里,4965,1930,1750,2850,1655,1660,2090,SUV,5,7,183,-,油电混合,
广汽丰田,SUV,4965*1930*1750,180,-,三年或10万公里,4965,1930,1750,2850,1655,1660,2115,SUV,5,7,183,-,油电混合,
广汽丰田,SUV,4965*1930*1750,180,-,三年或10万公里,4965,1930,1750,2850,1655,1660,2070,SUV,5,7,183,-,油电混合,
广汽丰田,SUV,4965*1930*1750,180,-,三年或10万公里,4965,1930,1750,2850,1655,1660,2035,SUV,5,7,182,380,汽油,
广汽丰田,SUV,4965*1930*1750,180,-,三年或10万公里,4965,1930,1750,2850,1655,1660,2040,SUV,5,7,182,380,汽油,
广汽丰田,SUV,4965*1930*1750,180,-,三年或10万公里,4965,1930,1750,2850,1655,1660,2065,SUV,5,7,182,380,汽油,
广汽丰田,SUV,4890*1925*1720,-,-,三年或10万公里,4890,1925,1720,2790,1635,1630,1910,SUV,5,5,162,350,汽油,
广汽丰田,SUV,4890*1925*1720,-,-,三年或10万公里,4890,1925,1720,2790,1635,1630,1935,SUV,5,7,162,350,汽油,
广汽丰田,SUV,4890*1925*1720,-,-,三年或10万公里,4890,1925,1720,2790,1635,1630,2000,SUV,5,7,162,350,汽油,
广汽丰田,SUV,4890*1925*1720,-,-,三年或10万公里,4890,1925,1720,2790,1635,1630,2000,SUV,5,7,162,350,汽油,
广汽丰田,SUV,4890*1925*1715,175,-,三年或10万公里,4890,1925,1715,2790,1635,1630,2010,SUV,5,7,162,350,汽油,
广汽丰田,SUV,4890*1925*1715,175,-,三年或10万公里,4890,1925,1715,2790,1635,1630,2080,SUV,5,7,162,350,汽油,
广汽丰田,SUV,4890*1925*1715,-,-,三年或10万公里,4890,1925,1715,2790,1635,1630,2080,SUV,5,7,162,350,汽油,
广汽丰田,SUV,4890*1925*1715,175,-,三年或10万公里,4890,1925,1715,2790,1635,1630,2080,SUV,5,7,162,350,汽油,
广汽丰田,SUV,4890*1925*1715,-,-,三年或10万公里,4890,1925,1715,2790,1635,1630,2080,SUV,5,7,162,350,汽油,
广汽丰田,SUV,4890*1925*1720,-,-,三年或10万公里,4890,1925,1720,2790,1635,1630,1900,SUV,5,5,162,350,汽油,
广汽丰田,SUV,4890*1925*1720,-,-,三年或10万公里,4890,1925,1720,2790,1635,1630,1925,SUV,5,7,162,350,汽油,
广汽丰田,SUV,4890*1925*1720,-,-,三年或10万公里,4890,1925,1720,2790,1635,1630,1990,SUV,5,7,162,350,汽油,
广汽丰田,SUV,4890*1925*1720,-,-,三年或10万公里,4890,1925,1720,2790,1635,1630,1990,SUV,5,7,162,350,汽油,
广汽丰田,SUV,4890*1925*1715,-,-,三年或10万公里,4890,1925,1715,2790,1635,1630,2000,SUV,5,7,162,350,汽油,
广汽丰田,SUV,4890*1925*1715,-,-,三年或10万公里,4890,1925,1715,2790,1635,1630,2070,SUV,5,7,162,350,汽油,
广汽丰田,SUV,4890*1925*1715,-,-,三年或10万公里,4890,1925,1715,2790,1635,1630,2070,SUV,5,7,162,350,汽油,
广汽丰田,SUV,4890*1925*1715,-,8.85,三年或10万公里,4890,1925,1715,2790,1635,1630,2070,SUV,5,7,162,350,汽油,
广汽丰田,SUV,4890*1925*1720,-,-,三年或10万公里,4890,1925,1720,2790,1635,1630,1910,SUV,5,5,162,350,汽油,
广汽丰田,SUV,4890*1925*1720,-,-,三年或10万公里,4890,1925,1720,2790,1635,1630,1935,SUV,5,7,162,350,汽油,
广汽丰田,SUV,4890*1925*1720,-,-,三年或10万公里,4890,1925,1720,2790,1635,1630,2000,SUV,5,7,162,350,汽油,
广汽丰田,SUV,4890*1925*1720,-,-,三年或10万公里,4890,1925,1720,2790,1635,1630,2000,SUV,5,7,162,350,汽油,
广汽丰田,SUV,4890*1925*1715,-,-,三年或10万公里,4890,1925,1715,2790,1635,1630,2010,SUV,5,7,162,350,汽油,
广汽丰田,SUV,4890*1925*1715,-,-,三年或10万公里,4890,1925,1715,2790,1635,1630,2080,SUV,5,7,162,350,汽油,
广汽丰田,SUV,4890*1925*1715,-,-,三年或10万公里,4890,1925,1715,2790,1635,1630,2080,SUV,5,7,162,350,汽油,
广汽丰田,SUV,4890*1925*1715,-,-,三年或10万公里,4890,1925,1715,2790,1635,1630,2080,SUV,5,7,162,350,汽油,
广汽丰田,SUV,4890*1925*1715,-,-,三年或10万公里,4890,1925,1715,2790,1635,1630,2080,SUV,5,7,162,350,汽油,
广汽丰田,SUV,4855*1925*1720,-,-,三年或10万公里,4855,1925,1720,2790,1635,1630,1900,SUV,5,5,162,350,汽油,
广汽丰田,SUV,4855*1925*1720,-,-,三年或10万公里,4855,1925,1720,2790,1635,1630,1925,SUV,5,7,162,350,汽油,
广汽丰田,SUV,4855*1925*1720,-,-,三年或10万公里,4855,1925,1720,2790,1635,1630,1990,SUV,5,7,162,350,汽油,
广汽丰田,SUV,4855*1925*1720,-,-,三年或10万公里,4855,1925,1720,2790,1635,1630,1990,SUV,5,7,162,350,汽油,
广汽丰田,SUV,4855*1925*1720,-,-,三年或10万公里,4855,1925,1720,2790,1635,1630,2000,SUV,5,7,162,350,汽油,
广汽丰田,SUV,4855*1925*1720,-,-,三年或10万公里,4855,1925,1720,2790,1635,1630,2070,SUV,5,7,162,350,汽油,
广汽丰田,SUV,4890*1925*1720,-,-,三年或10万公里,4890,1925,1720,2790,1635,1630,2090,SUV,5,7,162,350,汽油,
广汽丰田,SUV,4855*1925*1720,-,-,三年或10万公里,4855,1925,1720,2790,1635,1630,2070,SUV,5,7,162,350,汽油,
广汽丰田,SUV,4855*1925*1720,-,-,三年或10万公里,4855,1925,1720,2790,1635,1630,2070,SUV,5,7,162,350,汽油,
广汽丰田,SUV,4855*1925*1720,-,-,三年或10万公里,4855,1925,1720,2790,1635,1630,1990,SUV,5,7,201,337,汽油,
广汽丰田,SUV,4855*1925*1720,-,-,三年或10万公里,4855,1925,1720,2790,1635,1630,2060,SUV,5,7,201,337,汽油,
广汽丰田,SUV,4855*1925*1720,-,-,三年或10万公里,4855,1925,1720,2790,1635,1630,2060,SUV,5,7,201,337,汽油,
广汽丰田,SUV,4855*1925*1720,-,-,三年或10万公里,4855,1925,1720,2790,1635,1630,2060,SUV,5,7,201,337,汽油,
广汽丰田,SUV,4855*1925*1720,-,-,三年或10万公里,4855,1925,1720,2790,1635,1630,1900,SUV,5,5,162,350,汽油,
广汽丰田,SUV,4855*1925*1720,-,-,三年或10万公里,4855,1925,1720,2790,1635,1630,1925,SUV,5,7,162,350,汽油,
广汽丰田,SUV,4855*1925*1720,-,-,三年或10万公里,4855,1925,1720,2790,1635,1630,2000,SUV,5,7,162,350,汽油,
广汽丰田,SUV,4855*1925*1720,-,-,三年或10万公里,4855,1925,1720,2790,1635,1630,1990,SUV,5,7,162,350,汽油,
广汽丰田,SUV,4855*1925*1720,-,9.61,三年或10万公里,4855,1925,1720,2790,1635,1630,2070,SUV,5,7,162,350,汽油,
广汽丰田,SUV,4855*1925*1720,-,-,三年或10万公里,4855,1925,1720,2790,1635,1630,1990,SUV,5,7,162,350,汽油,
广汽丰田,SUV,4855*1925*1720,-,-,三年或10万公里,4855,1925,1720,2790,1635,1630,2070,SUV,5,7,162,350,汽油,
广汽丰田,SUV,4855*1925*1720,-,-,三年或10万公里,4855,1925,1720,2790,1635,1630,2070,SUV,5,7,162,350,汽油,
广汽丰田,SUV,4855*1925*1720,-,-,三年或10万公里,4855,1925,1720,2790,1635,1630,1990,SUV,5,7,201,337,汽油,
广汽丰田,SUV,4855*1925*1720,-,-,三年或10万公里,4855,1925,1720,2790,1635,1630,2060,SUV,5,7,201,337,汽油,
广汽丰田,SUV,4855*1925*1720,-,-,三年或10万公里,4855,1925,1720,2790,1635,1630,2060,SUV,5,7,201,337,汽油,
广汽丰田,SUV,4855*1925*1720,-,-,三年或10万公里,4855,1925,1720,2790,1635,1630,2060,SUV,5,7,201,337,汽油,
广汽丰田,SUV,4795*1910*1760,-,-,三年或10万公里,4795,1910,1760,2790,1625,1630,1775,SUV,5,5,138,252,汽油,
广汽丰田,SUV,4795*1910*1760,-,-,三年或10万公里,4795,1910,1760,2790,1625,1630,-,SUV,5,7,138,252,汽油,
广汽丰田,SUV,4795*1910*1760,-,-,三年或10万公里,4795,1910,1760,2790,1625,1630,1855,SUV,5,7,138,252,汽油,
广汽丰田,SUV,4795*1910*1730,-,-,三年或10万公里,4795,1910,1730,2790,1625,1630,1775,SUV,5,5,138,252,汽油,
广汽丰田,SUV,4795*1910*1760,-,-,三年或10万公里,4795,1910,1760,2790,1625,1630,1805,SUV,5,5,138,252,汽油,
广汽丰田,SUV,4795*1910*1760,-,-,三年或10万公里,4795,1910,1760,2790,1625,1630,1855,SUV,5,7,138,252,汽油,
广汽丰田,SUV,4795*1910*1760,-,-,三年或10万公里,4795,1910,1760,2790,1625,1630,1875,SUV,5,7,138,252,汽油,
广汽丰田,SUV,4795*1910*1730,-,-,三年或10万公里,4795,1910,1730,2790,1625,1625,2005,SUV,5,7,201,337,汽油,
广汽丰田,SUV,4795*1910*1760,-,-,三年或10万公里,4795,1910,1760,2790,1625,1625,2020,SUV,5,7,201,337,汽油,
广汽丰田,SUV,4795*1910*1760,-,-,三年或10万公里,4795,1910,1760,2790,1625,1625,2030,SUV,5,7,201,337,汽油,
广汽丰田,SUV,4795*1910*1730,-,-,三年或10万公里,4795,1910,1730,2790,1625,1630,1815,SUV,5,7,138,252,汽油,
广汽丰田,SUV,4795*1910*1760,-,-,三年或10万公里,4795,1910,1760,2790,1625,1630,1855,SUV,5,7,138,252,汽油,
广汽丰田,SUV,4795*1910*1760,-,-,三年或10万公里,4795,1910,1760,2790,1625,1625,2020,SUV,5,7,201,337,汽油,
广汽丰田,SUV,4785*1910*1730,-,-,三年或10万公里,4785,1910,1730,2790,1625,1630,1775,SUV,5,5,138,252,汽油,
广汽丰田,SUV,4785*1910*1730,-,-,三年或10万公里,4785,1910,1730,2790,1625,1630,1815,SUV,5,7,138,252,汽油,
广汽丰田,SUV,4785*1910*1760,-,-,三年或10万公里,4785,1910,1760,2790,1625,1630,1805,SUV,5,5,138,252,汽油,
广汽丰田,SUV,4785*1910*1760,-,-,三年或10万公里,4785,1910,1760,2790,1625,1630,1855,SUV,5,7,138,252,汽油,
广汽丰田,SUV,4785*1910*1760,-,-,三年或10万公里,4785,1910,1760,2790,1625,1630,1855,SUV,5,7,138,252,汽油,
广汽丰田,SUV,4785*1910*1760,-,-,三年或10万公里,4785,1910,1760,2790,1625,1630,1875,SUV,5,7,138,252,汽油,
广汽丰田,SUV,4785*1910*1760,-,10.7,三年或10万公里,4785,1910,1760,2790,1625,1630,1875,SUV,5,7,140,252,汽油,
广汽丰田,SUV,4785*1910*1730,-,-,三年或10万公里,4785,1910,1730,2790,1625,1630,1775,SUV,5,5,140,252,汽油,
广汽丰田,SUV,4785*1910*1730,-,-,三年或10万公里,4785,1910,1730,2790,1625,1630,1815,SUV,5,7,140,252,汽油,
广汽丰田,SUV,4785*1910*1760,-,-,三年或10万公里,4785,1910,1760,2790,1625,1630,1805,SUV,5,5,140,252,汽油,
广汽丰田,SUV,4785*1910*1760,-,-,三年或10万公里,4785,1910,1760,2790,1625,1630,1855,SUV,5,7,140,252,汽油,
广汽丰田,SUV,4785*1910*1760,-,-,三年或10万公里,4785,1910,1760,2790,1625,1630,1855,SUV,5,7,140,252,汽油,
广汽丰田,SUV,4785*1910*1730,-,-,三年或10万公里,4785,1910,1730,2790,1625,1625,2005,SUV,5,7,201,337,汽油,
广汽丰田,SUV,4785*1910*1760,-,-,三年或10万公里,4785,1910,1760,2790,1625,1625,2020,SUV,5,7,201,337,汽油,
广汽丰田,SUV,4785*1910*1760,-,-,三年或10万公里,4785,1910,1760,2790,1625,1625,2020,SUV,5,7,201,337,汽油,
广汽丰田,SUV,4785*1910*1760,-,8,三年或10万公里,4785,1910,1760,2790,1625,1625,2100,SUV,5,7,201,337,汽油,
特斯拉中国,SUV,4750*1921*1624,217,-,四年或8万公里,4750,1921,1624,2890,1636,1636,1911,SUV,5,5,220,440,纯电动,
特斯拉中国,SUV,4750*1921*1624,217,-,四年或8万公里,4750,1921,1624,2890,1636,1636,1981,SUV,5,5,331,559,纯电动,
特斯拉中国,SUV,4750*1921*1624,250,-,四年或8万公里,4750,1921,1624,2890,1646,1630,1998,SUV,5,5,357,659,纯电动,
特斯拉中国,SUV,4750*1921*1624,217,-,四年或8万公里,4750,1921,1624,2890,1636,1636,1929,SUV,5,5,194,340,纯电动,
特斯拉中国,SUV,4750*1921*1624,217,-,四年或8万公里,4750,1921,1624,2890,1636,1636,1997,SUV,5,5,331,559,纯电动,
特斯拉中国,SUV,4750*1921*1624,217,-,四年或8万公里,4750,1921,1624,2890,1636,1636,1929,SUV,5,5,194,340,纯电动,
特斯拉中国,SUV,4750*1921*1624,217,-,四年或8万公里,4750,1921,1624,2890,1636,1636,1997,SUV,5,5,331,559,纯电动,
特斯拉中国,SUV,4750*1921*1624,250,-,四年或8万公里,4750,1921,1624,2890,1646,1630,2010,SUV,5,5,357,659,纯电动,
特斯拉中国,SUV,4750*1921*1624,217,5.06,四年或8万公里,4750,1921,1624,2890,1636,1636,1997,SUV,5,5,317,545,纯电动,
特斯拉中国,SUV,4750*1921*1624,250,4.03,四年或8万公里,4750,1921,1624,2890,1646,1630,2010,SUV,5,5,357,659,纯电动,
特斯拉中国,SUV,4750*1921*1624,217,-,四年或8万公里,4750,1921,1624,2890,1636,1636,-,SUV,5,5,317,545,纯电动,
特斯拉中国,SUV,4750*1921*1624,217,-,四年或8万公里,4750,1921,1624,2890,1636,1636,1997,SUV,5,5,331,559,纯电动,
特斯拉中国,SUV,4750*1921*1624,217,-,四年或8万公里,4750,1921,1624,2890,1636,1636,1929,SUV,5,5,220,440,纯电动,
特斯拉中国,SUV,4750*1921*1624,217,-,四年或8万公里,4750,1921,1624,2890,1636,1636,1997,SUV,5,5,331,559,纯电动,
一汽丰田,紧凑型SUV,4600*1855*1680,180,-,三年或10万公里,4600,1855,1680,2690,1605,1620,1540,SUV,5,5,126,206,汽油,
一汽丰田,紧凑型SUV,4600*1855*1680,180,-,三年或10万公里,4600,1855,1680,2690,1605,1620,1570,SUV,5,5,126,206,汽油,
一汽丰田,紧凑型SUV,4600*1855*1680,180,-,三年或10万公里,4600,1855,1680,2690,1605,1620,1595,SUV,5,5,126,206,汽油,
一汽丰田,紧凑型SUV,4600*1855*1680,180,-,三年或10万公里,4600,1855,1680,2690,1605,1620,1595,SUV,5,5,126,206,汽油,
一汽丰田,紧凑型SUV,4610*1865*1680,180,-,三年或10万公里,4610,1865,1680,2690,1605,1620,1630,SUV,5,5,126,206,汽油,
一汽丰田,紧凑型SUV,4610*1865*1680,180,-,三年或10万公里,4610,1865,1680,2690,1605,1620,1655,SUV,5,5,126,206,汽油,
一汽丰田,紧凑型SUV,4610*1865*1680,180,-,三年或10万公里,4610,1865,1680,2690,1595,1610,1695,SUV,5,5,126,206,汽油,
一汽丰田,紧凑型SUV,4600*1855*1685,180,-,三年或10万公里,4600,1855,1685,2690,1605,1620,1655,SUV,5,5,160,-,油电混合,
一汽丰田,紧凑型SUV,4600*1855*1685,180,-,三年或10万公里,4600,1855,1685,2690,1605,1620,1660,SUV,5,5,160,-,油电混合,
一汽丰田,紧凑型SUV,4600*1855*1685,180,-,三年或10万公里,4600,1855,1685,2690,1605,1620,1750,SUV,5,5,163,-,油电混合,
一汽丰田,紧凑型SUV,4600*1855*1685,180,-,三年或10万公里,4600,1855,1685,2690,1605,1620,1755,SUV,5,5,163,-,油电混合,
一汽丰田,紧凑型SUV,4600*1855*1680,180,-,三年或10万公里,4600,1855,1680,2690,1607,1621,1540,SUV,5,5,126,209,汽油,
一汽丰田,紧凑型SUV,4600*1855*1680,180,-,三年或10万公里,4600,1855,1680,2690,1607,1621,1565,SUV,5,5,126,209,汽油,
一汽丰田,紧凑型SUV,4600*1855*1680,180,-,三年或10万公里,4600,1855,1680,2690,1607,1621,1565,SUV,5,5,126,209,汽油,
一汽丰田,紧凑型SUV,4625*1865*1680,180,-,三年或10万公里,4625,1865,1680,2690,1607,1621,1625,SUV,5,5,126,209,汽油,
一汽丰田,紧凑型SUV,4625*1865*1680,180,-,三年或10万公里,4625,1865,1680,2690,1607,1621,1625,SUV,5,5,126,209,汽油,
一汽丰田,紧凑型SUV,4600*1855*1680,180,-,三年或10万公里,4600,1855,1680,2690,1597,1611,1610,SUV,5,5,126,209,汽油,
一汽丰田,紧凑型SUV,4625*1865*1680,180,-,三年或10万公里,4625,1865,1680,2690,1597,1611,1685,SUV,5,5,126,209,汽油,
一汽丰田,紧凑型SUV,4600*1855*1680,180,-,三年或10万公里,4600,1855,1680,2690,1607,1621,1670,SUV,5,5,160,-,油电混合,
一汽丰田,紧凑型SUV,4600*1855*1680,180,-,三年或10万公里,4600,1855,1680,2690,1607,1621,1735,SUV,5,5,163,-,油电混合,
一汽丰田,紧凑型SUV,4600*1855*1680,180,-,三年或10万公里,4600,1855,1680,2690,1607,1621,1760,SUV,5,5,163,-,油电混合,
一汽丰田,紧凑型SUV,4600*1855*1680,180,-,三年或10万公里,4600,1855,1680,2690,1607,1621,1540,SUV,5,5,126,209,汽油,
一汽丰田,紧凑型SUV,4600*1855*1680,180,-,三年或10万公里,4600,1855,1680,2690,1607,1621,1565,SUV,5,5,126,209,汽油,
一汽丰田,紧凑型SUV,4600*1855*1680,180,-,三年或10万公里,4600,1855,1680,2690,1607,1621,1565,SUV,5,5,126,209,汽油,
一汽丰田,紧凑型SUV,4600*1855*1680,180,-,三年或10万公里,4600,1855,1680,2690,1607,1621,1625,SUV,5,5,126,209,汽油,
一汽丰田,紧凑型SUV,4600*1855*1680,180,-,三年或10万公里,4600,1855,1680,2690,1607,1621,1625,SUV,5,5,126,209,汽油,
一汽丰田,紧凑型SUV,4600*1855*1680,180,-,三年或10万公里,4600,1855,1680,2690,1597,1611,1610,SUV,5,5,126,209,汽油,
一汽丰田,紧凑型SUV,4600*1855*1680,180,-,三年或10万公里,4600,1855,1680,2690,1597,1611,1685,SUV,5,5,126,209,汽油,
一汽丰田,紧凑型SUV,4600*1855*1680,180,-,三年或10万公里,4600,1855,1680,2690,1607,1621,1670,SUV,5,5,160,-,油电混合,
一汽丰田,紧凑型SUV,4600*1855*1680,180,-,三年或10万公里,4600,1855,1680,2690,1607,1621,1735,SUV,5,5,163,-,油电混合,
一汽丰田,紧凑型SUV,4600*1855*1680,180,-,三年或10万公里,4600,1855,1680,2690,1607,1621,1760,SUV,5,5,163,-,油电混合,
一汽丰田,紧凑型SUV,4600*1855*1680,180,-,三年或10万公里,4600,1855,1680,2690,1607,1621,1670,SUV,5,5,160,221,油电混合,
一汽丰田,紧凑型SUV,4600*1855*1680,180,-,三年或10万公里,4600,1855,1680,2690,1607,1621,1735,SUV,5,5,163,221,油电混合,
一汽丰田,紧凑型SUV,4600*1855*1680,180,-,三年或10万公里,4600,1855,1680,2690,1607,1621,1760,SUV,5,5,163,221,油电混合,
一汽丰田,紧凑型SUV,4600*1855*1680,180,-,三年或10万公里,4600,1855,1680,2690,1607,1621,1565,SUV,5,5,126,209,汽油,
一汽丰田,紧凑型SUV,4600*1855*1680,180,-,三年或10万公里,4600,1855,1680,2690,1607,1621,1625,SUV,5,5,126,209,汽油,
一汽丰田,紧凑型SUV,4600*1855*1680,180,10.34,三年或10万公里,4600,1855,1680,2690,1597,1611,1685,SUV,5,5,126,209,汽油,
一汽丰田,紧凑型SUV,4600*1855*1680,180,-,三年或10万公里,4600,1855,1680,2690,1607,1621,1735,SUV,5,5,163,-,油电混合,
一汽丰田,紧凑型SUV,4600*1855*1680,180,-,三年或10万公里,4600,1855,1680,2690,1607,1621,1540,SUV,5,5,126,209,汽油,
一汽丰田,紧凑型SUV,4600*1855*1680,180,-,三年或10万公里,4600,1855,1680,2690,1597,1611,1610,SUV,5,5,126,209,汽油,
一汽丰田,紧凑型SUV,4600*1855*1680,180,-,三年或10万公里,4600,1855,1680,2690,1607,1621,1670,SUV,5,5,160,-,油电混合,
一汽丰田,紧凑型SUV,4600*1855*1680,180,-,三年或10万公里,4600,1855,1680,2690,1607,1621,1760,SUV,5,5,163,-,油电混合,
一汽丰田,紧凑型SUV,4600*1855*1680,180,-,三年或10万公里,4600,1855,1680,2690,1607,1621,1565,SUV,5,5,126,209,汽油,
一汽丰田,紧凑型SUV,4600*1855*1680,180,-,三年或10万公里,4600,1855,1680,2690,1607,1621,1625,SUV,5,5,126,209,汽油,
一汽丰田,紧凑型SUV,4600*1855*1680,180,-,三年或10万公里,4600,1855,1680,2690,1607,1621,1735,SUV,5,5,163,-,油电混合,
一汽丰田,紧凑型SUV,4600*1845*1690,175,-,三年或10万公里,4600,1845,1690,2660,1570,1570,1530,SUV,5,5,111,192,汽油,
一汽丰田,紧凑型SUV,4690*1895*1690,-,13.32,三年或10万公里,4690,1895,1690,2660,1570,1570,1540,SUV,5,5,111,192,汽油,
一汽丰田,紧凑型SUV,4600*1845*1690,-,-,三年或10万公里,4600,1845,1690,2660,1570,1570,1530,SUV,5,5,111,192,汽油,
一汽丰田,紧凑型SUV,4690*1895*1690,-,-,三年或10万公里,4690,1895,1690,2660,1570,1570,1540,SUV,5,5,111,192,汽油,
一汽丰田,紧凑型SUV,4600*1845*1690,175,-,三年或10万公里,4600,1845,1690,2660,1570,1570,1520,SUV,5,5,111,192,汽油,
一汽丰田,紧凑型SUV,4600*1845*1690,175,-,三年或10万公里,4600,1845,1690,2660,1570,1570,1530,SUV,5,5,111,192,汽油,
一汽丰田,紧凑型SUV,4600*1845*1690,175,-,三年或10万公里,4600,1845,1690,2660,1570,1570,1530,SUV,5,5,111,192,汽油,
一汽丰田,紧凑型SUV,4600*1845*1690,175,-,三年或10万公里,4600,1845,1690,2660,1570,1570,1540,SUV,5,5,111,192,汽油,
一汽丰田,紧凑型SUV,4600*1845*1690,175,-,三年或10万公里,4600,1845,1690,2660,1570,1570,1600,SUV,5,5,111,192,汽油,
一汽丰田,紧凑型SUV,4675*1845*1690,175,-,三年或10万公里,4675,1845,1690,2660,1570,1570,1530,SUV,5,5,111,192,汽油,
一汽丰田,紧凑型SUV,4600*1845*1690,180,10.75,三年或10万公里,4600,1845,1690,2660,1560,1560,1625,SUV,5,5,132,234,汽油,
一汽丰田,紧凑型SUV,4600*1845*1690,175,-,三年或10万公里,4600,1845,1690,2660,1570,1570,1520,SUV,5,5,111,192,汽油,
一汽丰田,紧凑型SUV,4600*1845*1690,175,-,三年或10万公里,4600,1845,1690,2660,1570,1570,1530,SUV,5,5,111,192,汽油,
一汽丰田,紧凑型SUV,4600*1845*1690,175,-,三年或10万公里,4600,1845,1690,2660,1570,1570,1530,SUV,5,5,111,192,汽油,
一汽丰田,紧凑型SUV,4600*1845*1690,175,-,三年或10万公里,4600,1845,1690,2660,1570,1570,1540,SUV,5,5,111,192,汽油,
一汽丰田,紧凑型SUV,4600*1845*1690,175,-,三年或10万公里,4600,1845,1690,2660,1570,1570,1600,SUV,5,5,111,192,汽油,
一汽丰田,紧凑型SUV,4600*1845*1690,180,-,三年或10万公里,4600,1845,1690,2660,1560,1560,1625,SUV,5,5,132,234,汽油,
一汽丰田,紧凑型SUV,4600*1845*1715,180,-,三年或10万公里,4600,1845,1715,2660,1560,1560,1645,SUV,5,5,132,234,汽油,
一汽丰田,SUV,4570*1845*1670,185,-,三年或10万公里,4570,1845,1670,2660,1570,1570,1480,SUV,5,5,108,187,汽油,
一汽丰田,SUV,4570*1845*1670,180,-,三年或10万公里,4570,1845,1670,2660,1570,1570,1510,SUV,5,5,108,187,汽油,
一汽丰田,SUV,4570*1845*1670,180,-,三年或10万公里,4570,1845,1670,2660,1570,1570,1510,SUV,5,5,108,187,汽油,
一汽丰田,SUV,4570*1845*1670,180,-,三年或10万公里,4570,1845,1670,2660,1570,1570,1580,SUV,5,5,108,187,汽油,
一汽丰田,SUV,4570*1845*1670,180,-,三年或10万公里,4570,1845,1670,2660,1570,1570,1590,SUV,5,5,108,187,汽油,
一汽丰田,SUV,4570*1845*1670,180,-,三年或10万公里,4570,1845,1670,2660,1570,1570,1615,SUV,5,5,132,234,汽油,
一汽丰田,SUV,4570*1845*1715,180,-,三年或10万公里,4570,1845,1715,2660,1560,1560,1630,SUV,5,5,132,234,汽油,
一汽丰田,SUV,4570*1845*1715,180,-,三年或10万公里,4570,1845,1715,2660,1560,1560,1640,SUV,5,5,132,234,汽油,
一汽丰田,SUV,4630*1815*1685,175,-,三年或10万公里,4630,1815,1685,2660,1560,1560,1520,SUV,5,5,110,192,汽油,
一汽丰田,SUV,4630*1855*1720,175,-,三年或10万公里,4630,1855,1720,2660,1560,1560,1540,SUV,5,5,110,192,汽油,
一汽丰田,SUV,4630*1855*1720,180,-,三年或10万公里,4630,1855,1720,2660,1560,1560,1515,SUV,5,5,110,192,汽油,
一汽丰田,SUV,4630*1855*1720,195,-,三年或10万公里,4630,1855,1720,2660,1560,1560,1585,SUV,5,5,125,224,汽油,
一汽丰田,SUV,4630*1855*1720,185,-,三年或10万公里,4630,1855,1720,2660,1560,1560,1620,SUV,5,5,125,224,汽油,
一汽丰田,SUV,4630*1815*1685,180,-,三年或10万公里,4630,1815,1685,2660,1560,1560,1495,SUV,5,5,110,192,汽油,
一汽丰田,SUV,4570*1845*1670,185,-,三年或10万公里,4570,1845,1670,2660,1570,1570,1480,SUV,5,5,108,187,汽油,
一汽丰田,SUV,4570*1845*1670,180,-,三年或10万公里,4570,1845,1670,2660,1570,1570,1510,SUV,5,5,108,187,汽油,
一汽丰田,SUV,4570*1845*1670,180,-,三年或10万公里,4570,1845,1670,2660,1570,1570,1580,SUV,5,5,108,187,汽油,
一汽丰田,SUV,4570*1845*1670,180,12.49,三年或10万公里,4570,1845,1670,2660,1570,1570,1590,SUV,5,5,108,187,汽油,
一汽丰田,SUV,4570*1845*1670,180,-,三年或10万公里,4570,1845,1670,2660,1570,1570,1615,SUV,5,5,132,234,汽油,
一汽丰田,SUV,4570*1845*1715,180,-,三年或10万公里,4570,1845,1715,2660,1560,1560,1630,SUV,5,5,132,234,汽油,
一汽丰田,SUV,4570*1845*1715,180,9.56,三年或10万公里,4570,1845,1715,2660,1560,1560,1640,SUV,5,5,132,234,汽油,
一汽丰田,SUV,4630*1855*1720,185,-,三年或10万公里,4630,1855,1720,2660,1560,1560,1620,SUV,5,5,125,224,汽油,
一汽丰田,SUV,4630*1855*1720,195,-,三年或10万公里,4630,1855,1720,2660,1560,1560,1585,SUV,5,5,125,224,汽油,
一汽丰田,SUV,4630*1855*1720,175,-,三年或10万公里,4630,1855,1720,2660,1560,1560,1600,SUV,5,5,110,192,汽油,
一汽丰田,SUV,4630*1855*1720,180,-,三年或10万公里,4630,1855,1720,2660,1560,1560,1565,SUV,5,5,110,192,汽油,
一汽丰田,SUV,4630*1855*1720,195,-,三年或10万公里,4630,1855,1720,2660,1560,1560,1585,SUV,5,5,125,224,汽油,
一汽丰田,SUV,4630*1855*1720,185,-,三年或10万公里,4630,1855,1720,2660,1560,1560,1620,SUV,5,5,125,224,汽油,
一汽丰田,SUV,4630*1855*1720,185,-,三年或10万公里,4630,1855,1720,2660,1560,1560,1620,SUV,5,5,125,224,汽油,
一汽丰田,SUV,4630*1855*1720,195,-,三年或10万公里,4630,1855,1720,2660,1560,1560,1585,SUV,5,5,125,224,汽油,
一汽丰田,SUV,4630*1855*1685,175,-,三年或10万公里,4630,1855,1685,2660,1560,1560,1600,SUV,5,5,110,192,汽油,
一汽丰田,SUV,4630*1815*1685,180,-,三年或10万公里,4630,1815,1685,2660,1560,1560,1495,SUV,5,5,110,192,汽油,
一汽丰田,SUV,4630*1815*1685,175,-,三年或10万公里,4630,1815,1685,2660,1560,1560,1520,SUV,5,5,110,192,汽油,
一汽丰田,SUV,4630*1855*1685,180,-,三年或10万公里,4630,1855,1685,2660,1560,1560,1565,SUV,5,5,110,192,汽油,
一汽丰田,SUV,4630*1855*1720,180,-,三年或10万公里,4630,1855,1720,2660,1560,1560,1515,SUV,5,5,110,192,汽油,
一汽丰田,SUV,4630*1855*1720,175,-,三年或10万公里,4630,1855,1720,2660,1560,1560,1540,SUV,5,5,110,192,汽油,
一汽丰田,SUV,4630*1855*1720,195,-,三年或10万公里,4630,1855,1720,2660,1560,1560,1585,SUV,5,5,125,224,汽油,
一汽丰田,SUV,4630*1855*1720,185,-,三年或10万公里,4630,1855,1720,2660,1560,1560,1620,SUV,5,5,125,224,汽油,
一汽丰田,SUV,4630*1855*1720,195,-,三年或10万公里,4630,1855,1720,2660,1560,1560,1585,SUV,5,5,125,224,汽油,
一汽丰田,SUV,4630*1815*1685,180,-,三年或10万公里,4630,1815,1685,2660,1560,1560,1515,SUV,5,5,110,192,汽油,
一汽丰田,SUV,4630*1855*1720,185,-,三年或10万公里,4630,1855,1720,2660,1560,1560,1620,SUV,5,5,125,224,汽油,
一汽丰田,SUV,4630*1815*1685,180,-,三年或10万公里,4630,1815,1685,2660,1560,1560,1515,SUV,5,5,110,192,汽油,
一汽丰田,SUV,4630*1855*1720,185,-,三年或10万公里,4630,1855,1720,2660,1560,1560,1620,SUV,5,5,125,224,汽油,
一汽丰田,SUV,4630*1855*1720,195,-,三年或10万公里,4630,1855,1720,2660,1560,1560,1585,SUV,5,5,125,224,汽油,
一汽丰田,SUV,4630*1855*1720,185,10.87,三年或10万公里,4630,1855,1720,2660,1560,1560,1620,SUV,5,5,125,224,汽油,
一汽丰田,SUV,4630*1855*1720,195,-,三年或10万公里,4630,1855,1720,2660,1560,1560,1585,SUV,5,5,125,224,汽油,
一汽丰田,SUV,4630*1815*1685,180,-,三年或10万公里,4630,1815,1685,2660,1560,1560,1515,SUV,5,5,110,192,汽油,
一汽丰田,SUV,4630*1815*1685,175,-,三年或10万公里,4630,1815,1685,2660,1560,1560,1520,SUV,5,5,110,192,汽油,
一汽丰田,SUV,4630*1815*1685,175,-,三年或10万公里,4630,1815,1685,2660,1560,1560,1540,SUV,5,5,110,192,汽油,
一汽丰田,SUV,4630*1815*1685,180,-,三年或10万公里,4630,1815,1685,2660,1560,1560,1495,SUV,5,5,110,192,汽油,
一汽丰田,SUV,4630*1815*1685,180,-,三年或10万公里,4630,1815,1685,2660,1560,1560,1515,SUV,5,5,110,192,汽油,
一汽丰田,SUV,4630*1815*1685,175,-,三年或10万公里,4630,1815,1685,2660,1560,1560,1540,SUV,5,5,110,192,汽油,
上汽大众,紧凑型车,4475*1706*1469,185,-,三年或10万公里,4475,1706,1469,2603,1460,1500,1120,三厢车,4,5,82,145,汽油,
上汽大众,紧凑型车,4475*1706*1469,180,-,三年或10万公里,4475,1706,1469,2603,1460,1500,1155,三厢车,4,5,82,145,汽油,
上汽大众,紧凑型车,4475*1706*1469,185,-,三年或10万公里,4475,1706,1469,2603,1460,1500,1120,三厢车,4,5,82,145,汽油,
上汽大众,紧凑型车,4475*1706*1469,180,-,三年或10万公里,4475,1706,1469,2603,1460,1500,1155,三厢车,4,5,82,145,汽油,
上汽大众,紧凑型车,4475*1706*1469,185,-,三年或10万公里,4475,1706,1469,2603,-,-,1120,三厢车,4,5,81,150,汽油,
上汽大众,紧凑型车,4475*1706*1469,185,-,三年或10万公里,4475,1706,1469,2603,-,-,1120,三厢车,4,5,82,145,汽油,
上汽大众,紧凑型车,4475*1706*1469,185,-,三年或10万公里,4475,1706,1469,2603,-,-,1155,三厢车,4,5,81,150,汽油,
上汽大众,紧凑型车,4475*1706*1469,180,-,三年或10万公里,4475,1706,1469,2603,-,-,1155,三厢车,4,5,82,145,汽油,
上汽大众,紧凑型车,4475*1706*1469,185,-,三年或10万公里,4475,1706,1469,2603,-,-,1120,三厢车,4,5,81,150,汽油,
上汽大众,紧凑型车,4475*1706*1469,185,-,三年或10万公里,4475,1706,1469,2603,-,-,1120,三厢车,4,5,82,145,汽油,
上汽大众,紧凑型车,4475*1706*1469,185,-,三年或10万公里,4475,1706,1469,2603,-,-,1155,三厢车,4,5,81,150,汽油,
上汽大众,紧凑型车,4475*1706*1469,180,-,三年或10万公里,4475,1706,1469,2603,-,-,1155,三厢车,4,5,82,145,汽油,
上汽大众,紧凑型车,4282*1706*1489,185,-,三年或10万公里,4282,1706,1489,2603,-,-,1120,两厢车,5,5,81,150,汽油,
上汽大众,紧凑型车,4282*1706*1489,185,-,三年或10万公里,4282,1706,1489,2603,-,-,1120,两厢车,5,5,82,145,汽油,
上汽大众,紧凑型车,4282*1706*1489,185,-,三年或10万公里,4282,1706,1489,2603,-,-,1155,两厢车,5,5,81,150,汽油,
上汽大众,紧凑型车,4282*1706*1489,180,-,三年或10万公里,4282,1706,1489,2603,-,-,1155,两厢车,5,5,82,145,汽油,
上汽大众,紧凑型车,4282*1706*1489,185,-,三年或10万公里,4282,1706,1489,2603,-,-,1155,两厢车,5,5,81,150,汽油,
上汽大众,紧凑型车,4282*1706*1489,180,-,三年或10万公里,4282,1706,1489,2603,-,-,1155,两厢车,5,5,82,145,汽油,
上汽大众,紧凑型车,4475*1706*1469,185,-,三年或10万公里,4475,1706,1469,2603,-,-,1120,三厢车,4,5,81,150,汽油,
上汽大众,紧凑型车,4475*1706*1469,185,-,三年或10万公里,4475,1706,1469,2603,-,-,1155,三厢车,4,5,81,150,汽油,
上汽大众,紧凑型车,4475*1706*1469,185,-,三年或10万公里,4475,1706,1469,2603,-,-,1120,三厢车,4,5,81,150,汽油,
上汽大众,紧凑型车,4475*1706*1469,185,-,三年或10万公里,4475,1706,1469,2603,-,-,1155,三厢车,4,5,81,150,汽油,
上汽大众,紧凑型车,4282*1706*1489,185,-,三年或10万公里,4282,1706,1489,2603,-,-,1120,两厢车,5,5,81,150,汽油,
上汽大众,紧凑型车,4282*1706*1489,185,-,三年或10万公里,4282,1706,1489,2603,-,-,1155,两厢车,5,5,81,150,汽油,
上汽大众,紧凑型车,4282*1706*1489,185,-,三年或10万公里,4282,1706,1489,2603,-,-,1155,两厢车,5,5,81,150,汽油,
上汽大众,紧凑型车,4282*1706*1489,181,-,三年或10万公里,4282,1706,1489,2603,-,-,1115,两厢车,5,5,66,132,汽油,
上汽大众,紧凑型车,4282*1706*1489,185,-,三年或10万公里,4282,1706,1489,2603,-,-,1120,两厢车,5,5,81,155,汽油,
上汽大众,紧凑型车,4282*1706*1489,185,-,三年或10万公里,4282,1706,1489,2603,-,-,1155,两厢车,5,5,81,155,汽油,
上汽大众,紧凑型车,4282*1706*1489,185,-,三年或10万公里,4282,1706,1489,2603,-,-,1120,两厢车,5,5,81,155,汽油,
上汽大众,紧凑型车,4282*1706*1489,185,-,三年或10万公里,4282,1706,1489,2603,-,-,1155,两厢车,5,5,81,155,汽油,
上汽大众,紧凑型车,4282*1706*1489,185,-,三年或10万公里,4282,1706,1489,2603,-,-,1155,两厢车,5,5,81,155,汽油,
上汽大众,紧凑型车,4282*1706*1489,200,-,三年或10万公里,4282,1706,1489,2603,-,-,1208,两厢车,5,5,96,225,汽油,
上汽大众,紧凑型车,4282*1706*1489,200,-,三年或10万公里,4282,1706,1489,2603,-,-,1208,两厢车,5,5,96,225,汽油,
上汽大众,紧凑型车,4286*1720*1481,-,-,三年或10万公里,4286,1720,1481,2603,-,-,-,两厢车,5,5,81,155,汽油,
上汽大众,紧凑型车,4286*1720*1481,-,-,三年或10万公里,4286,1720,1481,2603,-,-,-,两厢车,5,5,81,155,汽油,
上汽大众,紧凑型车,4286*1720*1481,-,-,三年或10万公里,4286,1720,1481,2603,-,-,-,两厢车,5,5,81,155,汽油,
上汽大众,紧凑型车,4475*1706*1469,181,-,三年或10万公里,4475,1706,1469,2603,-,-,1115,三厢车,4,5,66,132,汽油,
上汽大众,紧凑型车,4475*1706*1469,181,-,三年或10万公里,4475,1706,1469,2603,-,-,1115,三厢车,4,5,66,132,汽油,
上汽大众,紧凑型车,4475*1706*1469,185,-,三年或10万公里,4475,1706,1469,2603,-,-,1115,三厢车,4,5,81,155,汽油,
上汽大众,紧凑型车,4475*1706*1469,185,-,三年或10万公里,4475,1706,1469,2603,-,-,1145,三厢车,4,5,81,155,汽油,
上汽大众,紧凑型车,4475*1706*1469,185,-,三年或10万公里,4475,1706,1469,2603,-,-,1115,三厢车,4,5,81,155,汽油,
上汽大众,紧凑型车,4475*1706*1469,185,-,三年或10万公里,4475,1706,1469,2603,-,-,1145,三厢车,4,5,81,155,汽油,
上汽大众,紧凑型车,4475*1706*1469,185,-,三年或10万公里,4475,1706,1469,2603,-,-,1145,三厢车,4,5,81,155,汽油,
上汽大众,紧凑型车,4286*1720*1481,185,-,三年或10万公里,4286,1720,1481,2603,-,-,1130,两厢车,5,5,81,155,汽油,
上汽大众,紧凑型车,4286*1720*1481,185,-,三年或10万公里,4286,1720,1481,2603,-,-,1165,两厢车,5,5,81,155,汽油,
上汽大众,紧凑型车,4286*1720*1481,185,-,三年或10万公里,4286,1720,1481,2603,-,-,1165,两厢车,5,5,81,155,汽油,
上汽大众,紧凑型车,4473*1706*1469,181,-,三年或10万公里,4473,1706,1469,2603,-,-,1100,三厢车,4,5,66,132,汽油,
上汽大众,紧凑型车,4473*1706*1469,181,-,三年或10万公里,4473,1706,1469,2603,-,-,1100,三厢车,4,5,66,132,汽油,
上汽大众,紧凑型车,4473*1706*1469,185,-,三年或10万公里,4473,1706,1469,2603,-,-,1120,三厢车,4,5,81,155,汽油,
上汽大众,紧凑型车,4473*1706*1469,185,-,三年或10万公里,4473,1706,1469,2603,-,-,1155,三厢车,4,5,81,155,汽油,
上汽大众,紧凑型车,4473*1706*1469,185,-,三年或10万公里,4473,1706,1469,2603,-,-,1120,三厢车,4,5,81,155,汽油,
上汽大众,紧凑型车,4473*1706*1469,185,-,三年或10万公里,4473,1706,1469,2603,-,-,1155,三厢车,4,5,81,155,汽油,
上汽大众,紧凑型车,4473*1706*1469,185,-,三年或10万公里,4473,1706,1469,2603,-,-,1120,三厢车,4,5,81,155,汽油,
上汽大众,紧凑型车,4473*1706*1469,185,-,三年或10万公里,4473,1706,1469,2603,-,-,1155,三厢车,4,5,81,155,汽油,
上汽大众,紧凑型车,4473*1706*1469,200,-,三年或10万公里,4473,1706,1469,2603,-,-,1210,三厢车,4,5,96,225,汽油,
上汽大众,紧凑型车,4282*1706*1475,185,-,三年或10万公里,4282,1706,1475,2603,-,-,1120,两厢车,5,5,81,155,汽油,
上汽大众,紧凑型车,4282*1706*1475,185,-,三年或10万公里,4282,1706,1475,2603,-,-,1155,两厢车,5,5,81,155,汽油,
上汽大众,紧凑型车,4282*1706*1475,185,-,三年或10万公里,4282,1706,1475,2603,-,-,1120,两厢车,5,5,81,155,汽油,
上汽大众,紧凑型车,4282*1706*1475,185,-,三年或10万公里,4282,1706,1475,2603,-,-,1155,两厢车,5,5,81,155,汽油,
上汽大众,紧凑型车,4282*1706*1475,185,12.92,三年或10万公里,4282,1706,1475,2603,-,-,1155,两厢车,5,5,81,155,汽油,
上汽大众,紧凑型车,4282*1706*1475,200,-,三年或10万公里,4282,1706,1475,2603,-,-,1208,两厢车,5,5,96,225,汽油,
上汽大众,紧凑型车,4282*1706*1475,200,8.83,三年或10万公里,4282,1706,1475,2603,-,-,1208,两厢车,5,5,96,225,汽油,
上汽大众,紧凑型车,4473*1706*1469,185,-,三年或10万公里,4473,1706,1469,2603,-,-,1155,三厢车,4,5,81,155,汽油,
上汽大众,紧凑型车,4473*1706*1469,181,-,三年或10万公里,4473,1706,1469,2603,-,-,1100,三厢车,4,5,66,132,汽油,
上汽大众,紧凑型车,4473*1706*1469,181,-,三年或10万公里,4473,1706,1469,2603,-,-,1100,三厢车,4,5,66,132,汽油,
上汽大众,紧凑型车,4473*1706*1469,185,-,三年或10万公里,4473,1706,1469,2603,-,-,1120,三厢车,4,5,81,155,汽油,
上汽大众,紧凑型车,4473*1706*1469,185,-,三年或10万公里,4473,1706,1469,2603,-,-,1160,三厢车,4,5,81,155,汽油,
上汽大众,紧凑型车,4473*1706*1469,185,-,三年或10万公里,4473,1706,1469,2603,-,-,1120,三厢车,4,5,81,155,汽油,
上汽大众,紧凑型车,4473*1706*1469,185,-,三年或10万公里,4473,1706,1469,2603,-,-,1160,三厢车,4,5,81,155,汽油,
上汽大众,紧凑型车,4473*1706*1469,185,-,三年或10万公里,4473,1706,1469,2603,-,-,1120,三厢车,4,5,81,155,汽油,
上汽大众,紧凑型车,4473*1706*1469,185,10.89,三年或10万公里,4473,1706,1469,2603,-,-,1160,三厢车,4,5,81,155,汽油,
上汽大众,SUV,4733*1839*1673,200,-,三年或10万公里,4733,1839,1673,2791,1582,1572,1620,SUV,5,5,118,250,汽油,
上汽大众,SUV,4733*1839*1673,200,-,三年或10万公里,4733,1839,1673,2791,1582,1572,1665,SUV,5,5,137,320,汽油,
上汽大众,SUV,4735*1859*1677,200,-,三年或10万公里,4735,1859,1677,2791,1582,1572,1700,SUV,5,5,137,320,汽油,
上汽大众,SUV,4735*1859*1677,200,-,三年或10万公里,4735,1859,1677,2791,1582,1572,1840,SUV,5,7,162,350,汽油,
上汽大众,SUV,4733*1839*1673,195,-,三年或10万公里,4733,1839,1673,2791,1582,1572,1605,SUV,5,5,110,250,汽油,
上汽大众,SUV,4733*1839*1673,200,-,三年或10万公里,4733,1839,1673,2791,1582,1572,1665,SUV,5,5,137,320,汽油,
上汽大众,SUV,4733*1839*1673,200,-,三年或10万公里,4733,1839,1673,2791,1582,1572,1665,SUV,5,5,137,320,汽油,
上汽大众,SUV,4735*1859*1677,200,-,三年或10万公里,4735,1859,1677,2791,1582,1572,1700,SUV,5,5,137,320,汽油,
上汽大众,SUV,4735*1859*1677,200,-,三年或10万公里,4735,1859,1677,2791,1582,1572,1700,SUV,5,5,137,320,汽油,
上汽大众,SUV,4735*1859*1677,200,-,三年或10万公里,4735,1859,1677,2791,1582,1572,1840,SUV,5,7,162,350,汽油,
上汽大众,SUV,4735*1859*1677,200,-,三年或10万公里,4735,1859,1677,2791,1582,1572,1840,SUV,5,7,162,350,汽油,
上汽大众,SUV,4733*1839*1673,200,-,三年或10万公里,4733,1839,1673,2791,1582,1572,1665,SUV,5,5,137,320,汽油,
上汽大众,SUV,4733*1839*1673,200,-,三年或10万公里,4733,1839,1673,2791,1582,1572,1620,SUV,5,5,118,250,汽油,
上汽大众,SUV,4733*1839*1673,200,-,三年或10万公里,4733,1839,1673,2791,1582,1572,1665,SUV,5,5,137,320,汽油,
上汽大众,SUV,4735*1859*1677,200,-,三年或10万公里,4735,1859,1677,2791,1582,1572,1700,SUV,5,5,137,320,汽油,
上汽大众,SUV,4735*1859*1677,200,-,三年或10万公里,4735,1859,1677,2791,1582,1572,1700,SUV,5,5,137,320,汽油,
上汽大众,SUV,4735*1859*1677,200,-,三年或10万公里,4735,1859,1677,2791,1582,1572,1840,SUV,5,7,162,350,汽油,
上汽大众,SUV,4735*1859*1677,200,-,三年或10万公里,4735,1859,1677,2791,1582,1572,1840,SUV,5,7,162,350,汽油,
上汽大众,SUV,4733*1839*1673,200,-,三年或10万公里,4733,1839,1673,2791,1582,1572,1665,SUV,5,5,137,320,汽油,
上汽大众,SUV,4733*1839*1673,200,-,三年或10万公里,4733,1839,1673,2791,1582,1572,1665,SUV,5,5,137,320,汽油,
上汽大众,SUV,4735*1859*1677,200,8.62,三年或10万公里,4735,1859,1677,2791,1582,1572,1700,SUV,5,5,137,320,汽油,
上汽大众,SUV,4735*1859*1677,200,-,三年或10万公里,4735,1859,1677,2791,1582,1572,1700,SUV,5,5,137,320,汽油,
上汽大众,SUV,4735*1859*1677,200,-,三年或10万公里,4735,1859,1677,2791,1582,1572,1840,SUV,5,7,162,350,汽油,
上汽大众,SUV,4735*1859*1677,200,7.21,三年或10万公里,4735,1859,1677,2791,1582,1572,1840,SUV,5,7,162,350,汽油,
上汽大众,SUV,4712*1839*1673,-,-,三年或10万公里,4712,1839,1673,2791,-,-,1595,SUV,5,5,110,250,汽油,
上汽大众,SUV,4712*1839*1673,-,-,三年或10万公里,4712,1839,1673,2791,-,-,1650,SUV,5,5,137,320,汽油,
上汽大众,SUV,4712*1839*1673,-,-,三年或10万公里,4712,1839,1673,2791,-,-,1650,SUV,5,5,137,320,汽油,
上汽大众,SUV,4716*1859*1677,-,-,三年或10万公里,4716,1859,1677,2791,-,-,1700,SUV,5,5,137,320,汽油,
上汽大众,SUV,4716*1859*1677,-,-,三年或10万公里,4716,1859,1677,2791,-,-,1700,SUV,5,5,137,320,汽油,
上汽大众,SUV,4716*1859*1677,-,-,三年或10万公里,4716,1859,1677,2791,-,-,1840,SUV,5,7,162,350,汽油,
上汽大众,SUV,4716*1859*1677,-,-,三年或10万公里,4716,1859,1677,2791,-,-,1840,SUV,5,7,162,350,汽油,
上汽大众,SUV,4712*1839*1673,-,-,三年或10万公里,4712,1839,1673,2791,-,-,1625,SUV,5,5,137,320,汽油,
上汽大众,SUV,4712*1839*1673,-,-,三年或10万公里,4712,1839,1673,2791,-,-,1625,SUV,5,5,137,320,汽油,
上汽大众,SUV,4712*1839*1673,-,-,三年或10万公里,4712,1839,1673,2791,-,-,1625,SUV,5,5,137,320,汽油,
上汽大众,SUV,4716*1859*1677,-,-,三年或10万公里,4716,1859,1677,2791,-,-,1675,SUV,5,5,137,320,汽油,
上汽大众,SUV,4712*1839*1673,-,-,三年或10万公里,4712,1839,1673,2791,-,-,1625,SUV,5,5,137,320,汽油,
上汽大众,SUV,4712*1839*1673,-,-,三年或10万公里,4712,1839,1673,2791,-,-,1625,SUV,5,5,137,320,汽油,
上汽大众,SUV,4712*1839*1673,-,-,三年或10万公里,4712,1839,1673,2791,-,-,1625,SUV,5,5,137,320,汽油,
上汽大众,SUV,4716*1859*1677,-,-,三年或10万公里,4716,1859,1677,2791,-,-,1675,SUV,5,5,137,320,汽油,
上汽大众,SUV,4712*1839*1673,-,-,三年或10万公里,4712,1839,1673,2791,-,-,1535,SUV,5,5,110,250,汽油,
上汽大众,SUV,4712*1839*1673,-,-,三年或10万公里,4712,1839,1673,2791,-,-,1615,SUV,5,5,137,320,汽油,
上汽大众,SUV,4712*1839*1673,-,-,三年或10万公里,4712,1839,1673,2791,-,-,1615,SUV,5,5,137,320,汽油,
上汽大众,SUV,4712*1839*1673,-,-,三年或10万公里,4712,1839,1673,2791,-,-,1615,SUV,5,5,137,320,汽油,
上汽大众,SUV,4716*1859*1677,-,-,三年或10万公里,4716,1859,1677,2791,-,-,1675,SUV,5,5,137,320,汽油,
上汽大众,SUV,4712*1839*1673,-,-,三年或10万公里,4712,1839,1673,2791,-,-,1755,SUV,5,5,162,350,汽油,
上汽大众,SUV,4716*1859*1677,-,-,三年或10万公里,4716,1859,1677,2791,-,-,1775,SUV,5,5,162,350,汽油,
上汽大众,SUV,4716*1859*1677,-,-,三年或10万公里,4716,1859,1677,2791,-,-,1775,SUV,5,5,162,350,汽油,
上汽大众,SUV,4712*1839*1673,-,-,三年或10万公里,4712,1839,1673,2791,-,-,1570,SUV,5,5,110,250,汽油,
上汽大众,SUV,4712*1839*1673,-,-,三年或10万公里,4712,1839,1673,2791,-,-,1755,SUV,5,5,162,350,汽油,
上汽大众,SUV,4716*1859*1677,-,-,三年或10万公里,4716,1859,1677,2791,-,-,1775,SUV,5,5,162,350,汽油,
上汽大众,SUV,4716*1859*1677,-,-,三年或10万公里,4716,1859,1677,2791,-,-,1775,SUV,5,5,162,350,汽油,
上汽大众,SUV,4712*1839*1673,-,-,三年或10万公里,4712,1839,1673,2791,-,-,1795,SUV,5,7,162,350,汽油,
上汽大众,SUV,4716*1859*1677,-,-,三年或10万公里,4716,1859,1677,2791,-,-,1815,SUV,5,7,162,350,汽油,
上汽大众,SUV,4712*1839*1673,-,-,三年或10万公里,4712,1839,1673,2791,-,-,1570,SUV,5,5,110,250,汽油,
上汽大众,SUV,4712*1839*1673,-,-,三年或10万公里,4712,1839,1673,2791,-,-,1625,SUV,5,5,137,320,汽油,
上汽大众,SUV,4712*1839*1673,-,-,三年或10万公里,4712,1839,1673,2791,-,-,1625,SUV,5,5,137,320,汽油,
上汽大众,SUV,4716*1859*1677,-,-,三年或10万公里,4716,1859,1677,2791,-,-,1675,SUV,5,5,137,320,汽油,
上汽大众,SUV,4712*1839*1673,-,-,三年或10万公里,4712,1839,1673,2791,-,-,1535,SUV,5,5,110,250,汽油,
上汽大众,SUV,4712*1839*1673,-,-,三年或10万公里,4712,1839,1673,2791,-,-,1615,SUV,5,5,137,320,汽油,
上汽大众,SUV,4712*1839*1673,-,-,三年或10万公里,4712,1839,1673,2791,-,-,1615,SUV,5,5,137,320,汽油,
上汽大众,SUV,4716*1859*1677,-,-,三年或10万公里,4716,1859,1677,2791,-,-,1675,SUV,5,5,137,320,汽油,
上汽大众,SUV,4712*1839*1673,208,-,三年或10万公里,4712,1839,1673,2791,-,-,1615,SUV,5,5,137,320,汽油,
上汽大众,SUV,4712*1839*1673,208,-,三年或10万公里,4712,1839,1673,2791,-,-,1615,SUV,5,5,137,320,汽油,
上汽大众,SUV,4712*1839*1673,208,-,三年或10万公里,4712,1839,1673,2791,-,-,1615,SUV,5,5,137,320,汽油,
上汽大众,SUV,4712*1839*1673,208,-,三年或10万公里,4712,1839,1673,2791,-,-,1615,SUV,5,5,137,320,汽油,
上汽大众,SUV,4712*1839*1673,220,-,三年或10万公里,4712,1839,1673,2791,-,-,1755,SUV,5,5,162,350,汽油,
上汽大众,SUV,4712*1839*1673,220,-,三年或10万公里,4712,1839,1673,2791,-,-,1755,SUV,5,5,162,350,汽油,
上汽大众,SUV,4712*1839*1673,220,-,三年或10万公里,4712,1839,1673,2791,-,-,1755,SUV,5,5,162,350,汽油,
上汽大众,SUV,4712*1839*1673,-,9.46,三年或10万公里,4712,1839,1673,2791,-,-,1535,SUV,5,5,110,250,汽油,
上汽大众,SUV,4712*1839*1673,-,-,三年或10万公里,4712,1839,1673,2791,-,-,1615,SUV,5,5,137,320,汽油,
上汽大众,SUV,4712*1839*1673,-,-,三年或10万公里,4712,1839,1673,2791,-,-,1615,SUV,5,5,137,320,汽油,
上汽大众,SUV,4712*1839*1673,-,-,三年或10万公里,4712,1839,1673,2791,-,-,1615,SUV,5,5,137,320,汽油,
上汽大众,SUV,4712*1839*1673,-,-,三年或10万公里,4712,1839,1673,2791,-,-,1615,SUV,5,5,137,320,汽油,
上汽大众,SUV,4712*1839*1673,-,-,三年或10万公里,4712,1839,1673,2791,-,-,1755,SUV,5,5,162,350,汽油,
上汽大众,SUV,4712*1839*1673,-,-,三年或10万公里,4712,1839,1673,2791,-,-,1755,SUV,5,5,162,350,汽油,
上汽大众,SUV,4712*1839*1673,-,-,三年或10万公里,4712,1839,1673,2791,-,-,1755,SUV,5,5,162,350,汽油,
上汽大众,SUV,4712*1839*1673,206,-,三年或10万公里,4712,1839,1673,2791,-,-,1615,SUV,5,5,132,300,汽油,
上汽大众,SUV,4712*1839*1673,220,-,三年或10万公里,4712,1839,1673,2791,-,-,1755,SUV,5,5,162,350,汽油,
上汽大众,SUV,4712*1839*1673,220,6.93,三年或10万公里,4712,1839,1673,2791,-,-,1755,SUV,5,5,162,350,汽油,
上汽大众,SUV,4712*1839*1673,206,-,三年或10万公里,4712,1839,1673,2791,-,-,1615,SUV,5,5,132,300,汽油,
上汽大众,SUV,4712*1839*1673,206,8.03,三年或10万公里,4712,1839,1673,2791,-,-,1615,SUV,5,5,132,300,汽油,
上汽大众,SUV,4712*1839*1673,206,-,三年或10万公里,4712,1839,1673,2791,-,-,1615,SUV,5,5,132,300,汽油,
上汽大众,SUV,4712*1839*1673,220,-,三年或10万公里,4712,1839,1673,2791,-,-,1755,SUV,5,5,162,350,汽油,
上汽大众,中大型MPV,5346*1976*1781,200,-,三年或10万公里,5346,1976,1781,3180,1704,1721,2150,MPV,5,7,137,320,汽油,
上汽大众,中大型MPV,5346*1976*1781,200,-,三年或10万公里,5346,1976,1781,3180,1704,1721,2150,MPV,5,7,137,320,汽油,
上汽大众,中大型MPV,5346*1976*1781,200,-,三年或10万公里,5346,1976,1781,3180,1704,1721,2190,MPV,5,7,162,350,汽油,
上汽大众,中大型MPV,5346*1976*1781,200,-,三年或10万公里,5346,1976,1781,3180,1704,1721,2190,MPV,5,7,162,350,汽油,
上汽大众,中大型MPV,5346*1976*1781,200,-,三年或10万公里,5346,1976,1781,3180,1704,1721,2190,MPV,5,7,162,350,汽油,
上汽大众,中大型MPV,5346*1976*1781,200,-,三年或10万公里,5346,1976,1781,3180,1704,1721,2150,MPV,5,7,137,320,汽油,
上汽大众,中大型MPV,5346*1976*1781,200,-,三年或10万公里,5346,1976,1781,3180,1704,1721,2150,MPV,5,7,137,320,汽油,
上汽大众,中大型MPV,5346*1976*1781,200,-,三年或10万公里,5346,1976,1781,3180,1704,1721,2190,MPV,5,7,162,350,汽油,
上汽大众,中大型MPV,5346*1976*1781,200,-,三年或10万公里,5346,1976,1781,3180,1704,1721,2190,MPV,5,7,162,350,汽油,
上汽大众,中大型MPV,5346*1976*1781,200,-,三年或10万公里,5346,1976,1781,3180,1704,1721,2190,MPV,5,7,162,350,汽油,
上汽大众,中大型MPV,5346*1976*1781,200,-,三年或10万公里,5346,1976,1781,3180,1704,1721,2150,MPV,5,7,137,320,汽油,
上汽大众,中大型MPV,5346*1976*1781,200,-,三年或10万公里,5346,1976,1781,3180,1704,1721,2150,MPV,5,7,137,320,汽油,
上汽大众,中大型MPV,5346*1976*1781,200,-,三年或10万公里,5346,1976,1781,3180,1704,1721,2190,MPV,5,7,162,350,汽油,
上汽大众,中大型MPV,5346*1976*1781,200,-,三年或10万公里,5346,1976,1781,3180,1704,1721,2190,MPV,5,7,162,350,汽油,
上汽大众,中大型MPV,5346*1976*1781,200,-,三年或10万公里,5346,1976,1781,3180,1704,1721,2190,MPV,5,7,162,350,汽油,
上汽大众,中大型MPV,5346*1976*1781,200,-,三年或10万公里,5346,1976,1781,3180,1704,1721,2150,MPV,5,7,137,320,汽油,
上汽大众,中大型MPV,5346*1976*1781,200,-,三年或10万公里,5346,1976,1781,3180,1704,1721,2150,MPV,5,7,137,320,汽油,
上汽大众,中大型MPV,5346*1976*1781,200,-,三年或10万公里,5346,1976,1781,3180,1704,1721,2190,MPV,5,7,162,350,汽油,
上汽大众,中大型MPV,5346*1976*1781,200,-,三年或10万公里,5346,1976,1781,3180,1704,1721,2190,MPV,5,7,162,350,汽油,
上汽大众,中大型MPV,5346*1976*1781,200,-,三年或10万公里,5346,1976,1781,3180,1704,1721,2190,MPV,5,7,162,350,汽油,
上汽大众,中大型MPV,5346*1976*1781,200,-,三年或10万公里,5346,1976,1781,3180,-,-,2115,MPV,5,7,137,320,汽油,
上汽大众,中大型MPV,5346*1976*1781,200,8.8,三年或10万公里,5346,1976,1781,3180,-,-,2160,MPV,5,7,162,350,汽油,
上汽大众,中大型MPV,5346*1976*1781,200,-,三年或10万公里,5346,1976,1781,3180,-,-,2115,MPV,5,7,137,320,汽油,
上汽大众,中大型MPV,5346*1976*1781,200,8.72,三年或10万公里,5346,1976,1781,3180,-,-,2160,MPV,5,7,162,350,汽油,
